{
  "name":"loop_attributes"
  , "id":2461
  , "nodes":
  [
    {
      "name":"kernel_aLoader"
      , "id":1
      , "clk":"Yes"
      , "fmax":"360.00"
      , "type":"kernel"
      , "children":
      [
        {
          "name":"kernel_aLoader.B0"
          , "id":10
          , "af":"360.00"
          , "br":"0"
          , "ci":"0"
          , "fo":"Disabled"
          , "ii":"1"
          , "ll":"1"
          , "lt":"4.000000"
          , "mi":"n/a"
          , "pl":"Yes"
          , "tc":"0"
          , "tn":"1"
          , "type":"bb"
        }
        , {
          "name":"kernel_aLoader.B1"
          , "id":11
          , "af":"360.00"
          , "br":"0"
          , "ci":"0"
          , "fo":"Disabled"
          , "ii":"2"
          , "ll":"1"
          , "lt":"7.000000"
          , "mi":"1"
          , "pl":"Yes"
          , "tc":"0"
          , "tn":"1"
          , "details":
          [
            {
              "type":"text"
              , "text":"Hyper-Optimized loop structure: n/a"
            }
          ]
          , "debug":
          [
            [
              {
                "filename":"/home/u89062/oneAPI-samples-ronghongbo/DirectProgramming/C++SYCL_FPGA/ReferenceDesigns/productive_libraries/blas/gemm/tiny-Mingzhe-auto-and-manual/manual-version-signalIJK/./gemm.tiny.h"
                , "line":155
              }
            ]
          ]
          , "type":"loop"
          , "children":
          [
            {
              "name":"kernel_aLoader.B2"
              , "id":12
              , "af":"360.00"
              , "br":"0"
              , "ci":"0"
              , "fo":"Disabled"
              , "ii":"2"
              , "ll":"2"
              , "lt":"10.000000"
              , "mi":"1"
              , "pl":"Yes"
              , "tc":"0"
              , "tn":"0"
              , "details":
              [
                {
                  "type":"text"
                  , "text":"Hyper-Optimized loop structure: n/a"
                }
              ]
              , "debug":
              [
                [
                  {
                    "filename":"/home/u89062/oneAPI-samples-ronghongbo/DirectProgramming/C++SYCL_FPGA/ReferenceDesigns/productive_libraries/blas/gemm/tiny-Mingzhe-auto-and-manual/manual-version-signalIJK/./gemm.tiny.h"
                    , "line":156
                  }
                ]
              ]
              , "type":"loop"
              , "children":
              [
                {
                  "name":"kernel_aLoader.B4"
                  , "id":14
                  , "af":"360.00"
                  , "br":"0"
                  , "ci":"0"
                  , "fo":"Disabled"
                  , "ii":"2"
                  , "ll":"3"
                  , "lt":"5.000000"
                  , "mi":"1"
                  , "pl":"Yes"
                  , "tc":"0"
                  , "tn":"0"
                  , "details":
                  [
                    {
                      "type":"text"
                      , "text":"Hyper-Optimized loop structure: n/a"
                    }
                  ]
                  , "debug":
                  [
                    [
                      {
                        "filename":"/home/u89062/oneAPI-samples-ronghongbo/DirectProgramming/C++SYCL_FPGA/ReferenceDesigns/productive_libraries/blas/gemm/tiny-Mingzhe-auto-and-manual/manual-version-signalIJK/./gemm.tiny.h"
                        , "line":157
                      }
                    ]
                  ]
                  , "type":"loop"
                  , "children":
                  [
                    {
                      "name":"kernel_aLoader.B7"
                      , "id":17
                      , "af":"360.00"
                      , "br":"1"
                      , "ci":"0"
                      , "fo":"Disabled"
                      , "ii":"1"
                      , "ll":"4"
                      , "lt":"291.000000"
                      , "mi":"1"
                      , "pl":"Yes"
                      , "tc":"64"
                      , "tn":"1"
                      , "details":
                      [
                        {
                          "type":"text"
                          , "text":"Hyper-Optimized loop structure: n/a"
                        }
                      ]
                      , "debug":
                      [
                        [
                          {
                            "filename":"/home/u89062/oneAPI-samples-ronghongbo/DirectProgramming/C++SYCL_FPGA/ReferenceDesigns/productive_libraries/blas/gemm/tiny-Mingzhe-auto-and-manual/manual-version-signalIJK/./gemm.tiny.h"
                            , "line":158
                          }
                        ]
                      ]
                      , "type":"loop"
                    }
                  ]
                }
                , {
                  "name":"kernel_aLoader.B6"
                  , "id":16
                  , "af":"360.00"
                  , "br":"1"
                  , "ci":"0"
                  , "fo":"Disabled"
                  , "ii":"1"
                  , "ll":"3"
                  , "lt":"0.000000"
                  , "mi":"n/a"
                  , "pl":"Yes"
                  , "tc":"0"
                  , "tn":"1"
                  , "type":"bb"
                }
              ]
            }
            , {
              "name":"kernel_aLoader.B5"
              , "id":15
              , "af":"360.00"
              , "br":"1"
              , "ci":"0"
              , "fo":"Disabled"
              , "ii":"1"
              , "ll":"2"
              , "lt":"0.000000"
              , "mi":"n/a"
              , "pl":"Yes"
              , "tc":"0"
              , "tn":"1"
              , "type":"bb"
            }
          ]
        }
        , {
          "name":"kernel_aLoader.B3"
          , "id":13
          , "af":"360.00"
          , "br":"1"
          , "ci":"0"
          , "fo":"Disabled"
          , "ii":"1"
          , "ll":"1"
          , "lt":"1.000000"
          , "mi":"n/a"
          , "pl":"Yes"
          , "tc":"0"
          , "tn":"1"
          , "type":"bb"
        }
        , {
          "name":"kernel_aLoader.B8"
          , "id":18
          , "af":"360.00"
          , "br":"0"
          , "ci":"0"
          , "fo":"Disabled"
          , "ii":"1"
          , "ll":"1"
          , "lt":"1.000000"
          , "mi":"n/a"
          , "pl":"Yes"
          , "tc":"0"
          , "tn":"1"
          , "type":"bb"
        }
      ]
    }
    , {
      "name":"kernel_aFeeder"
      , "id":2
      , "clk":"Yes"
      , "fmax":"360.00"
      , "type":"kernel"
      , "children":
      [
        {
          "name":"kernel_aFeeder.B0"
          , "id":19
          , "af":"360.00"
          , "br":"0"
          , "ci":"0"
          , "fo":"Disabled"
          , "ii":"1"
          , "ll":"1"
          , "lt":"2.000000"
          , "mi":"n/a"
          , "pl":"Yes"
          , "tc":"0"
          , "tn":"1"
          , "type":"bb"
        }
        , {
          "name":"kernel_aFeeder.B1"
          , "id":20
          , "af":"360.00"
          , "br":"0"
          , "ci":"0"
          , "fo":"Disabled"
          , "ii":"1"
          , "ll":"1"
          , "lt":"23.000000"
          , "mi":"1"
          , "pl":"Yes"
          , "tc":"0"
          , "tn":"1"
          , "details":
          [
            {
              "type":"text"
              , "text":"Hyper-Optimized loop structure: n/a"
            }
          ]
          , "debug":
          [
            [
              {
                "filename":"/home/u89062/oneAPI-samples-ronghongbo/DirectProgramming/C++SYCL_FPGA/ReferenceDesigns/productive_libraries/blas/gemm/tiny-Mingzhe-auto-and-manual/manual-version-signalIJK/./gemm.tiny.h"
                , "line":196
              }
            ]
          ]
          , "type":"loop"
        }
      ]
    }
    , {
      "name":"kernel_bLoader"
      , "id":3
      , "clk":"Yes"
      , "fmax":"360.00"
      , "type":"kernel"
      , "children":
      [
        {
          "name":"kernel_bLoader.B0"
          , "id":21
          , "af":"360.00"
          , "br":"0"
          , "ci":"0"
          , "fo":"Disabled"
          , "ii":"1"
          , "ll":"1"
          , "lt":"4.000000"
          , "mi":"n/a"
          , "pl":"Yes"
          , "tc":"0"
          , "tn":"1"
          , "type":"bb"
        }
        , {
          "name":"kernel_bLoader.B1"
          , "id":22
          , "af":"360.00"
          , "br":"0"
          , "ci":"0"
          , "fo":"Disabled"
          , "ii":"2"
          , "ll":"1"
          , "lt":"7.000000"
          , "mi":"1"
          , "pl":"Yes"
          , "tc":"0"
          , "tn":"1"
          , "details":
          [
            {
              "type":"text"
              , "text":"Hyper-Optimized loop structure: n/a"
            }
          ]
          , "debug":
          [
            [
              {
                "filename":"/home/u89062/oneAPI-samples-ronghongbo/DirectProgramming/C++SYCL_FPGA/ReferenceDesigns/productive_libraries/blas/gemm/tiny-Mingzhe-auto-and-manual/manual-version-signalIJK/./gemm.tiny.h"
                , "line":236
              }
            ]
          ]
          , "type":"loop"
          , "children":
          [
            {
              "name":"kernel_bLoader.B2"
              , "id":23
              , "af":"360.00"
              , "br":"0"
              , "ci":"0"
              , "fo":"Disabled"
              , "ii":"2"
              , "ll":"2"
              , "lt":"10.000000"
              , "mi":"1"
              , "pl":"Yes"
              , "tc":"0"
              , "tn":"0"
              , "details":
              [
                {
                  "type":"text"
                  , "text":"Hyper-Optimized loop structure: n/a"
                }
              ]
              , "debug":
              [
                [
                  {
                    "filename":"/home/u89062/oneAPI-samples-ronghongbo/DirectProgramming/C++SYCL_FPGA/ReferenceDesigns/productive_libraries/blas/gemm/tiny-Mingzhe-auto-and-manual/manual-version-signalIJK/./gemm.tiny.h"
                    , "line":237
                  }
                ]
              ]
              , "type":"loop"
              , "children":
              [
                {
                  "name":"kernel_bLoader.B4"
                  , "id":25
                  , "af":"360.00"
                  , "br":"0"
                  , "ci":"0"
                  , "fo":"Disabled"
                  , "ii":"2"
                  , "ll":"3"
                  , "lt":"5.000000"
                  , "mi":"1"
                  , "pl":"Yes"
                  , "tc":"0"
                  , "tn":"0"
                  , "details":
                  [
                    {
                      "type":"text"
                      , "text":"Hyper-Optimized loop structure: n/a"
                    }
                  ]
                  , "debug":
                  [
                    [
                      {
                        "filename":"/home/u89062/oneAPI-samples-ronghongbo/DirectProgramming/C++SYCL_FPGA/ReferenceDesigns/productive_libraries/blas/gemm/tiny-Mingzhe-auto-and-manual/manual-version-signalIJK/./gemm.tiny.h"
                        , "line":238
                      }
                    ]
                  ]
                  , "type":"loop"
                  , "children":
                  [
                    {
                      "name":"kernel_bLoader.B7"
                      , "id":28
                      , "af":"360.00"
                      , "br":"1"
                      , "ci":"0"
                      , "fo":"Disabled"
                      , "ii":"1"
                      , "ll":"4"
                      , "lt":"290.000000"
                      , "mi":"1"
                      , "pl":"Yes"
                      , "tc":"64"
                      , "tn":"1"
                      , "details":
                      [
                        {
                          "type":"text"
                          , "text":"Hyper-Optimized loop structure: n/a"
                        }
                      ]
                      , "debug":
                      [
                        [
                          {
                            "filename":"/home/u89062/oneAPI-samples-ronghongbo/DirectProgramming/C++SYCL_FPGA/ReferenceDesigns/productive_libraries/blas/gemm/tiny-Mingzhe-auto-and-manual/manual-version-signalIJK/./gemm.tiny.h"
                            , "line":239
                          }
                        ]
                      ]
                      , "type":"loop"
                    }
                  ]
                }
                , {
                  "name":"kernel_bLoader.B6"
                  , "id":27
                  , "af":"360.00"
                  , "br":"1"
                  , "ci":"0"
                  , "fo":"Disabled"
                  , "ii":"1"
                  , "ll":"3"
                  , "lt":"0.000000"
                  , "mi":"n/a"
                  , "pl":"Yes"
                  , "tc":"0"
                  , "tn":"1"
                  , "type":"bb"
                }
              ]
            }
            , {
              "name":"kernel_bLoader.B5"
              , "id":26
              , "af":"360.00"
              , "br":"1"
              , "ci":"0"
              , "fo":"Disabled"
              , "ii":"1"
              , "ll":"2"
              , "lt":"0.000000"
              , "mi":"n/a"
              , "pl":"Yes"
              , "tc":"0"
              , "tn":"1"
              , "type":"bb"
            }
          ]
        }
        , {
          "name":"kernel_bLoader.B3"
          , "id":24
          , "af":"360.00"
          , "br":"1"
          , "ci":"0"
          , "fo":"Disabled"
          , "ii":"1"
          , "ll":"1"
          , "lt":"1.000000"
          , "mi":"n/a"
          , "pl":"Yes"
          , "tc":"0"
          , "tn":"1"
          , "type":"bb"
        }
        , {
          "name":"kernel_bLoader.B8"
          , "id":29
          , "af":"360.00"
          , "br":"0"
          , "ci":"0"
          , "fo":"Disabled"
          , "ii":"1"
          , "ll":"1"
          , "lt":"1.000000"
          , "mi":"n/a"
          , "pl":"Yes"
          , "tc":"0"
          , "tn":"1"
          , "type":"bb"
        }
      ]
    }
    , {
      "name":"kernel_bFeeder"
      , "id":4
      , "clk":"Yes"
      , "fmax":"360.00"
      , "type":"kernel"
      , "children":
      [
        {
          "name":"kernel_bFeeder.B0"
          , "id":30
          , "af":"360.00"
          , "br":"0"
          , "ci":"0"
          , "fo":"Disabled"
          , "ii":"1"
          , "ll":"1"
          , "lt":"2.000000"
          , "mi":"n/a"
          , "pl":"Yes"
          , "tc":"0"
          , "tn":"1"
          , "type":"bb"
        }
        , {
          "name":"kernel_bFeeder.B1"
          , "id":31
          , "af":"360.00"
          , "br":"0"
          , "ci":"0"
          , "fo":"Disabled"
          , "ii":"1"
          , "ll":"1"
          , "lt":"23.000000"
          , "mi":"1"
          , "pl":"Yes"
          , "tc":"0"
          , "tn":"1"
          , "details":
          [
            {
              "type":"text"
              , "text":"Hyper-Optimized loop structure: n/a"
            }
          ]
          , "debug":
          [
            [
              {
                "filename":"/home/u89062/oneAPI-samples-ronghongbo/DirectProgramming/C++SYCL_FPGA/ReferenceDesigns/productive_libraries/blas/gemm/tiny-Mingzhe-auto-and-manual/manual-version-signalIJK/./gemm.tiny.h"
                , "line":277
              }
            ]
          ]
          , "type":"loop"
        }
      ]
    }
    , {
      "name":"kernel_SignalGenerator"
      , "id":5
      , "clk":"Yes"
      , "fmax":"360.00"
      , "type":"kernel"
      , "children":
      [
        {
          "name":"kernel_SignalGenerator.B0"
          , "id":32
          , "af":"360.00"
          , "br":"0"
          , "ci":"0"
          , "fo":"Disabled"
          , "ii":"1"
          , "ll":"1"
          , "lt":"4.000000"
          , "mi":"n/a"
          , "pl":"Yes"
          , "tc":"0"
          , "tn":"1"
          , "type":"bb"
        }
        , {
          "name":"kernel_SignalGenerator.B1"
          , "id":33
          , "af":"360.00"
          , "br":"0"
          , "ci":"0"
          , "fo":"Disabled"
          , "ii":"2"
          , "ll":"1"
          , "lt":"6.000000"
          , "mi":"1"
          , "pl":"Yes"
          , "tc":"0"
          , "tn":"1"
          , "details":
          [
            {
              "type":"text"
              , "text":"Hyper-Optimized loop structure: n/a"
            }
          ]
          , "debug":
          [
            [
              {
                "filename":"/home/u89062/oneAPI-samples-ronghongbo/DirectProgramming/C++SYCL_FPGA/ReferenceDesigns/productive_libraries/blas/gemm/tiny-Mingzhe-auto-and-manual/manual-version-signalIJK/./gemm.tiny.h"
                , "line":310
              }
            ]
          ]
          , "type":"loop"
          , "children":
          [
            {
              "name":"kernel_SignalGenerator.B2"
              , "id":34
              , "af":"360.00"
              , "br":"0"
              , "ci":"0"
              , "fo":"Disabled"
              , "ii":"2"
              , "ll":"2"
              , "lt":"5.000000"
              , "mi":"1"
              , "pl":"Yes"
              , "tc":"0"
              , "tn":"0"
              , "details":
              [
                {
                  "type":"text"
                  , "text":"Hyper-Optimized loop structure: n/a"
                }
              ]
              , "debug":
              [
                [
                  {
                    "filename":"/home/u89062/oneAPI-samples-ronghongbo/DirectProgramming/C++SYCL_FPGA/ReferenceDesigns/productive_libraries/blas/gemm/tiny-Mingzhe-auto-and-manual/manual-version-signalIJK/./gemm.tiny.h"
                    , "line":311
                  }
                ]
              ]
              , "type":"loop"
              , "children":
              [
                {
                  "name":"kernel_SignalGenerator.B5"
                  , "id":37
                  , "af":"360.00"
                  , "br":"1"
                  , "ci":"0"
                  , "fo":"Disabled"
                  , "ii":"2"
                  , "ll":"3"
                  , "lt":"6.000000"
                  , "mi":"1"
                  , "pl":"Yes"
                  , "tc":"0"
                  , "tn":"0"
                  , "details":
                  [
                    {
                      "type":"text"
                      , "text":"Hyper-Optimized loop structure: n/a"
                    }
                  ]
                  , "debug":
                  [
                    [
                      {
                        "filename":"/home/u89062/oneAPI-samples-ronghongbo/DirectProgramming/C++SYCL_FPGA/ReferenceDesigns/productive_libraries/blas/gemm/tiny-Mingzhe-auto-and-manual/manual-version-signalIJK/./gemm.tiny.h"
                        , "line":312
                      }
                    ]
                  ]
                  , "type":"loop"
                }
              ]
            }
            , {
              "name":"kernel_SignalGenerator.B4"
              , "id":36
              , "af":"360.00"
              , "br":"1"
              , "ci":"0"
              , "fo":"Disabled"
              , "ii":"1"
              , "ll":"2"
              , "lt":"0.000000"
              , "mi":"n/a"
              , "pl":"Yes"
              , "tc":"0"
              , "tn":"1"
              , "type":"bb"
            }
          ]
        }
        , {
          "name":"kernel_SignalGenerator.B3"
          , "id":35
          , "af":"360.00"
          , "br":"1"
          , "ci":"0"
          , "fo":"Disabled"
          , "ii":"1"
          , "ll":"1"
          , "lt":"0.000000"
          , "mi":"n/a"
          , "pl":"Yes"
          , "tc":"0"
          , "tn":"1"
          , "type":"bb"
        }
        , {
          "name":"kernel_SignalGenerator.B6"
          , "id":38
          , "af":"360.00"
          , "br":"0"
          , "ci":"0"
          , "fo":"Disabled"
          , "ii":"1"
          , "ll":"1"
          , "lt":"1.000000"
          , "mi":"n/a"
          , "pl":"Yes"
          , "tc":"0"
          , "tn":"1"
          , "type":"bb"
        }
      ]
    }
    , {
      "name":"kernel_Product"
      , "id":6
      , "clk":"Yes"
      , "fmax":"360.00"
      , "type":"kernel"
      , "children":
      [
        {
          "name":"kernel_Product.B0"
          , "id":39
          , "af":"360.00"
          , "br":"0"
          , "ci":"0"
          , "fo":"Disabled"
          , "ii":"1"
          , "ll":"1"
          , "lt":"2.000000"
          , "mi":"n/a"
          , "pl":"Yes"
          , "tc":"0"
          , "tn":"1"
          , "type":"bb"
        }
        , {
          "name":"kernel_Product.B2"
          , "id":41
          , "af":"360.00"
          , "br":"0"
          , "ci":"0"
          , "fo":"Disabled"
          , "ii":"1"
          , "ll":"1"
          , "lt":"8.000000"
          , "mi":"1"
          , "pl":"Yes"
          , "tc":"0"
          , "tn":"1"
          , "details":
          [
            {
              "type":"text"
              , "text":"Hyper-Optimized loop structure: n/a"
            }
          ]
          , "debug":
          [
            [
              {
                "filename":"/home/u89062/oneAPI-samples-ronghongbo/DirectProgramming/C++SYCL_FPGA/ReferenceDesigns/productive_libraries/blas/gemm/tiny-Mingzhe-auto-and-manual/manual-version-signalIJK/./gemm.tiny.h"
                , "line":342
              }
            ]
          ]
          , "type":"loop"
          , "children":
          [
            {
              "name":"kernel_Product.B3"
              , "id":42
              , "af":"360.00"
              , "br":"1"
              , "ci":"0"
              , "fo":"Disabled"
              , "ii":"1"
              , "ll":"2"
              , "lt":"33.000000"
              , "mi":"1"
              , "pl":"Yes"
              , "tc":"64"
              , "tn":"1"
              , "details":
              [
                {
                  "type":"text"
                  , "text":"Hyper-Optimized loop structure: n/a"
                }
              ]
              , "debug":
              [
                [
                  {
                    "filename":"/home/u89062/oneAPI-samples-ronghongbo/DirectProgramming/C++SYCL_FPGA/ReferenceDesigns/productive_libraries/blas/gemm/tiny-Mingzhe-auto-and-manual/manual-version-signalIJK/./gemm.tiny.h"
                    , "line":347
                  }
                ]
              ]
              , "type":"loop"
            }
          ]
        }
        , {
          "name":"kernel_Product.B1"
          , "id":40
          , "af":"360.00"
          , "br":"0"
          , "ci":"0"
          , "fo":"Disabled"
          , "ii":"1"
          , "ll":"1"
          , "lt":"0.000000"
          , "mi":"n/a"
          , "pl":"Yes"
          , "tc":"0"
          , "tn":"1"
          , "type":"bb"
        }
      ]
    }
    , {
      "name":"kernel_cLoader"
      , "id":7
      , "clk":"Yes"
      , "fmax":"360.00"
      , "type":"kernel"
      , "children":
      [
        {
          "name":"kernel_cLoader.B0"
          , "id":43
          , "af":"360.00"
          , "br":"0"
          , "ci":"0"
          , "fo":"Disabled"
          , "ii":"1"
          , "ll":"1"
          , "lt":"8.000000"
          , "mi":"n/a"
          , "pl":"Yes"
          , "tc":"0"
          , "tn":"1"
          , "type":"bb"
        }
        , {
          "name":"kernel_cLoader.B1"
          , "id":44
          , "af":"360.00"
          , "br":"0"
          , "ci":"0"
          , "fo":"Disabled"
          , "ii":"2"
          , "ll":"1"
          , "lt":"8.000000"
          , "mi":"1"
          , "pl":"Yes"
          , "tc":"0"
          , "tn":"1"
          , "details":
          [
            {
              "type":"text"
              , "text":"Hyper-Optimized loop structure: n/a"
            }
          ]
          , "debug":
          [
            [
              {
                "filename":"/home/u89062/oneAPI-samples-ronghongbo/DirectProgramming/C++SYCL_FPGA/ReferenceDesigns/productive_libraries/blas/gemm/tiny-Mingzhe-auto-and-manual/manual-version-signalIJK/./gemm.tiny.h"
                , "line":439
              }
            ]
          ]
          , "type":"loop"
          , "children":
          [
            {
              "name":"kernel_cLoader.B2"
              , "id":45
              , "af":"360.00"
              , "br":"0"
              , "ci":"0"
              , "fo":"Disabled"
              , "ii":"2"
              , "ll":"2"
              , "lt":"5.000000"
              , "mi":"1"
              , "pl":"Yes"
              , "tc":"0"
              , "tn":"0"
              , "details":
              [
                {
                  "type":"text"
                  , "text":"Hyper-Optimized loop structure: n/a"
                }
              ]
              , "debug":
              [
                [
                  {
                    "filename":"/home/u89062/oneAPI-samples-ronghongbo/DirectProgramming/C++SYCL_FPGA/ReferenceDesigns/productive_libraries/blas/gemm/tiny-Mingzhe-auto-and-manual/manual-version-signalIJK/./gemm.tiny.h"
                    , "line":440
                  }
                ]
              ]
              , "type":"loop"
              , "children":
              [
                {
                  "name":"kernel_cLoader.B5"
                  , "id":48
                  , "af":"360.00"
                  , "br":"1"
                  , "ci":"0"
                  , "fo":"Disabled"
                  , "ii":"1"
                  , "ll":"3"
                  , "lt":"162.000000"
                  , "mi":"1"
                  , "pl":"Yes"
                  , "tc":"64"
                  , "tn":"1"
                  , "details":
                  [
                    {
                      "type":"text"
                      , "text":"Hyper-Optimized loop structure: n/a"
                    }
                  ]
                  , "debug":
                  [
                    [
                      {
                        "filename":"/home/u89062/oneAPI-samples-ronghongbo/DirectProgramming/C++SYCL_FPGA/ReferenceDesigns/productive_libraries/blas/gemm/tiny-Mingzhe-auto-and-manual/manual-version-signalIJK/./gemm.tiny.h"
                        , "line":441
                      }
                    ]
                  ]
                  , "type":"loop"
                }
              ]
            }
            , {
              "name":"kernel_cLoader.B4"
              , "id":47
              , "af":"360.00"
              , "br":"1"
              , "ci":"0"
              , "fo":"Disabled"
              , "ii":"1"
              , "ll":"2"
              , "lt":"0.000000"
              , "mi":"n/a"
              , "pl":"Yes"
              , "tc":"0"
              , "tn":"1"
              , "type":"bb"
            }
          ]
        }
        , {
          "name":"kernel_cLoader.B3"
          , "id":46
          , "af":"360.00"
          , "br":"1"
          , "ci":"0"
          , "fo":"Disabled"
          , "ii":"1"
          , "ll":"1"
          , "lt":"0.000000"
          , "mi":"n/a"
          , "pl":"Yes"
          , "tc":"0"
          , "tn":"1"
          , "type":"bb"
        }
        , {
          "name":"kernel_cLoader.B6"
          , "id":49
          , "af":"360.00"
          , "br":"0"
          , "ci":"0"
          , "fo":"Disabled"
          , "ii":"1"
          , "ll":"1"
          , "lt":"1.000000"
          , "mi":"n/a"
          , "pl":"Yes"
          , "tc":"0"
          , "tn":"1"
          , "type":"bb"
        }
      ]
    }
    , {
      "name":"kernel_Out"
      , "id":8
      , "clk":"Yes"
      , "fmax":"360.00"
      , "type":"kernel"
      , "children":
      [
        {
          "name":"kernel_Out.B0"
          , "id":50
          , "af":"360.00"
          , "br":"0"
          , "ci":"0"
          , "fo":"Disabled"
          , "ii":"1"
          , "ll":"1"
          , "lt":"8.000000"
          , "mi":"n/a"
          , "pl":"Yes"
          , "tc":"0"
          , "tn":"1"
          , "type":"bb"
        }
        , {
          "name":"kernel_Out.B1"
          , "id":51
          , "af":"360.00"
          , "br":"0"
          , "ci":"0"
          , "fo":"Disabled"
          , "ii":"2"
          , "ll":"1"
          , "lt":"5.000000"
          , "mi":"1"
          , "pl":"Yes"
          , "tc":"0"
          , "tn":"1"
          , "details":
          [
            {
              "type":"text"
              , "text":"Hyper-Optimized loop structure: n/a"
            }
          ]
          , "debug":
          [
            [
              {
                "filename":"/home/u89062/oneAPI-samples-ronghongbo/DirectProgramming/C++SYCL_FPGA/ReferenceDesigns/productive_libraries/blas/gemm/tiny-Mingzhe-auto-and-manual/manual-version-signalIJK/./gemm.tiny.h"
                , "line":462
              }
            ]
          ]
          , "type":"loop"
          , "children":
          [
            {
              "name":"kernel_Out.B2"
              , "id":52
              , "af":"360.00"
              , "br":"0"
              , "ci":"0"
              , "fo":"Disabled"
              , "ii":"2"
              , "ll":"2"
              , "lt":"5.000000"
              , "mi":"1"
              , "pl":"Yes"
              , "tc":"0"
              , "tn":"0"
              , "details":
              [
                {
                  "type":"text"
                  , "text":"Hyper-Optimized loop structure: n/a"
                }
              ]
              , "debug":
              [
                [
                  {
                    "filename":"/home/u89062/oneAPI-samples-ronghongbo/DirectProgramming/C++SYCL_FPGA/ReferenceDesigns/productive_libraries/blas/gemm/tiny-Mingzhe-auto-and-manual/manual-version-signalIJK/./gemm.tiny.h"
                    , "line":463
                  }
                ]
              ]
              , "type":"loop"
              , "children":
              [
                {
                  "name":"kernel_Out.B5"
                  , "id":55
                  , "af":"360.00"
                  , "br":"1"
                  , "ci":"0"
                  , "fo":"Disabled"
                  , "ii":"1"
                  , "ll":"3"
                  , "lt":"17.000000"
                  , "mi":"1"
                  , "pl":"Yes"
                  , "tc":"64"
                  , "tn":"1"
                  , "details":
                  [
                    {
                      "type":"text"
                      , "text":"Hyper-Optimized loop structure: n/a"
                    }
                  ]
                  , "debug":
                  [
                    [
                      {
                        "filename":"/home/u89062/oneAPI-samples-ronghongbo/DirectProgramming/C++SYCL_FPGA/ReferenceDesigns/productive_libraries/blas/gemm/tiny-Mingzhe-auto-and-manual/manual-version-signalIJK/./gemm.tiny.h"
                        , "line":464
                      }
                    ]
                  ]
                  , "type":"loop"
                }
              ]
            }
            , {
              "name":"kernel_Out.B4"
              , "id":54
              , "af":"360.00"
              , "br":"1"
              , "ci":"0"
              , "fo":"Disabled"
              , "ii":"1"
              , "ll":"2"
              , "lt":"0.000000"
              , "mi":"n/a"
              , "pl":"Yes"
              , "tc":"0"
              , "tn":"1"
              , "type":"bb"
            }
          ]
        }
        , {
          "name":"kernel_Out.B3"
          , "id":53
          , "af":"360.00"
          , "br":"1"
          , "ci":"0"
          , "fo":"Disabled"
          , "ii":"1"
          , "ll":"1"
          , "lt":"0.000000"
          , "mi":"n/a"
          , "pl":"Yes"
          , "tc":"0"
          , "tn":"1"
          , "type":"bb"
        }
        , {
          "name":"kernel_Out.B6"
          , "id":56
          , "af":"360.00"
          , "br":"0"
          , "ci":"0"
          , "fo":"Disabled"
          , "ii":"1"
          , "ll":"1"
          , "lt":"1.000000"
          , "mi":"n/a"
          , "pl":"Yes"
          , "tc":"0"
          , "tn":"1"
          , "type":"bb"
        }
      ]
    }
    , {
      "name":"kernel_unloader"
      , "id":9
      , "clk":"Yes"
      , "fmax":"360.00"
      , "type":"kernel"
      , "children":
      [
        {
          "name":"kernel_unloader.B0"
          , "id":57
          , "af":"360.00"
          , "br":"0"
          , "ci":"0"
          , "fo":"Disabled"
          , "ii":"1"
          , "ll":"1"
          , "lt":"4.000000"
          , "mi":"n/a"
          , "pl":"Yes"
          , "tc":"0"
          , "tn":"1"
          , "type":"bb"
        }
        , {
          "name":"kernel_unloader.B1"
          , "id":58
          , "af":"360.00"
          , "br":"0"
          , "ci":"0"
          , "fo":"Disabled"
          , "ii":"2"
          , "ll":"1"
          , "lt":"8.000000"
          , "mi":"1"
          , "pl":"Yes"
          , "tc":"0"
          , "tn":"1"
          , "details":
          [
            {
              "type":"text"
              , "text":"Hyper-Optimized loop structure: n/a"
            }
          ]
          , "debug":
          [
            [
              {
                "filename":"/home/u89062/oneAPI-samples-ronghongbo/DirectProgramming/C++SYCL_FPGA/ReferenceDesigns/productive_libraries/blas/gemm/tiny-Mingzhe-auto-and-manual/manual-version-signalIJK/./gemm.tiny.h"
                , "line":481
              }
            ]
          ]
          , "type":"loop"
          , "children":
          [
            {
              "name":"kernel_unloader.B2"
              , "id":59
              , "af":"360.00"
              , "br":"0"
              , "ci":"0"
              , "fo":"Disabled"
              , "ii":"2"
              , "ll":"2"
              , "lt":"5.000000"
              , "mi":"1"
              , "pl":"Yes"
              , "tc":"0"
              , "tn":"0"
              , "details":
              [
                {
                  "type":"text"
                  , "text":"Hyper-Optimized loop structure: n/a"
                }
              ]
              , "debug":
              [
                [
                  {
                    "filename":"/home/u89062/oneAPI-samples-ronghongbo/DirectProgramming/C++SYCL_FPGA/ReferenceDesigns/productive_libraries/blas/gemm/tiny-Mingzhe-auto-and-manual/manual-version-signalIJK/./gemm.tiny.h"
                    , "line":482
                  }
                ]
              ]
              , "type":"loop"
              , "children":
              [
                {
                  "name":"kernel_unloader.B5"
                  , "id":62
                  , "af":"360.00"
                  , "br":"1"
                  , "ci":"0"
                  , "fo":"Disabled"
                  , "ii":"1"
                  , "ll":"3"
                  , "lt":"11.000000"
                  , "mi":"1"
                  , "pl":"Yes"
                  , "tc":"64"
                  , "tn":"1"
                  , "details":
                  [
                    {
                      "type":"text"
                      , "text":"Hyper-Optimized loop structure: n/a"
                    }
                  ]
                  , "debug":
                  [
                    [
                      {
                        "filename":"/home/u89062/oneAPI-samples-ronghongbo/DirectProgramming/C++SYCL_FPGA/ReferenceDesigns/productive_libraries/blas/gemm/tiny-Mingzhe-auto-and-manual/manual-version-signalIJK/./gemm.tiny.h"
                        , "line":483
                      }
                    ]
                  ]
                  , "type":"loop"
                }
              ]
            }
            , {
              "name":"kernel_unloader.B4"
              , "id":61
              , "af":"360.00"
              , "br":"1"
              , "ci":"0"
              , "fo":"Disabled"
              , "ii":"1"
              , "ll":"2"
              , "lt":"0.000000"
              , "mi":"n/a"
              , "pl":"Yes"
              , "tc":"0"
              , "tn":"1"
              , "type":"bb"
            }
          ]
        }
        , {
          "name":"kernel_unloader.B3"
          , "id":60
          , "af":"360.00"
          , "br":"1"
          , "ci":"0"
          , "fo":"Disabled"
          , "ii":"1"
          , "ll":"1"
          , "lt":"0.000000"
          , "mi":"n/a"
          , "pl":"Yes"
          , "tc":"0"
          , "tn":"1"
          , "type":"bb"
        }
        , {
          "name":"kernel_unloader.B6"
          , "id":63
          , "af":"360.00"
          , "br":"0"
          , "ci":"0"
          , "fo":"Disabled"
          , "ii":"1"
          , "ll":"1"
          , "lt":"1.000000"
          , "mi":"n/a"
          , "pl":"Yes"
          , "tc":"0"
          , "tn":"1"
          , "type":"bb"
        }
      ]
    }
  ]
}
