{
  "columns":
  ["", "Pipelined", "II", "Speculated iterations", "Details"]
  , "children":
  [
    {
      "name":"Kernel: kernel_aLoader"
      , "data":
      ["", "", ""]
      , "debug":
      [
        [
          {
            "filename":"/home/u89062/oneAPI-samples-ronghongbo/DirectProgramming/C++SYCL_FPGA/ReferenceDesigns/productive_libraries/blas/gemm/tiny-Mingzhe-auto-and-manual/manual-version-signalIJK/./gemm.tiny.h"
            , "line":151
          }
        ]
      ]
      , "details":
      [
        {
          "type":"brief"
          , "text":"Single work-item execution"
        }
        , {
          "type":"text"
          , "text":"Single work-item execution"
        }
        , {
          "type":"text"
          , "text":"fMAX bottleneck block: None"
        }
        , {
          "type":"text"
          , "text":"See %L for more information"
          , "links":
          [
            {
              "guide":"Best Practices Guide : Kernels"
              , "link":"file:////glob/development-tools/versions/oneapi/2023.1.2/oneapi/compiler/2023.1.0/linux/lib/oclfpga/aoc_help_pages/ipp1476408832230.html"
            }
          ]
        }
      ]
      , "children":
      [
        {
          "name":"kernel_aLoader.B1"
          , "data":
          ["Yes", ">=2", "0"]
          , "debug":
          [
            [
              {
                "filename":"/home/u89062/oneAPI-samples-ronghongbo/DirectProgramming/C++SYCL_FPGA/ReferenceDesigns/productive_libraries/blas/gemm/tiny-Mingzhe-auto-and-manual/manual-version-signalIJK/./gemm.tiny.h"
                , "line":155
              }
            ]
          ]
          , "details":
          [
            {
              "type":"brief"
              , "text":"Serial exe: Data dependency and..."
            }
            , {
              "type":"text"
              , "text":"Iteration executed serially across kernel_aLoader.B2. Only a single loop iteration will execute inside this region due to data dependency on variable(s):"
              , "details":
              [
                {
                  "type":"text"
                  , "text":"addr_temp (%L)"
                  , "links":
                  [
                    {
                      "filename":"/home/u89062/oneAPI-samples-ronghongbo/DirectProgramming/C++SYCL_FPGA/ReferenceDesigns/productive_libraries/blas/gemm/tiny-Mingzhe-auto-and-manual/manual-version-signalIJK/./gemm.tiny.h"
                      , "line":"153"
                    }
                  ]
                }
              ]
            }
            , {
              "type":"text"
              , "text":"Stallable instruction: n/a"
            }
            , {
              "type":"text"
              , "text":"Maximum concurrent iterations: Capacity of loop"
              , "details":
              [
                {
                  "type":"text"
                  , "text":"Use the %L viewer to estimate capacity"
                  , "links":
                  [
                    {
                      "view":"Fmax II Report"
                    }
                  ]
                }
              ]
            }
            , {
              "type":"text"
              , "text":"See %L for more information"
              , "links":
              [
                {
                  "guide":"Best Practices Guide : Nested Loops"
                  , "link":"file:////glob/development-tools/versions/oneapi/2023.1.2/oneapi/compiler/2023.1.0/linux/lib/oclfpga/aoc_help_pages/rfr1469543500580.html"
                }
              ]
            }
          ]
          , "children":
          [
            {
              "name":"kernel_aLoader.B2"
              , "data":
              ["Yes", ">=2", "0"]
              , "debug":
              [
                [
                  {
                    "filename":"/home/u89062/oneAPI-samples-ronghongbo/DirectProgramming/C++SYCL_FPGA/ReferenceDesigns/productive_libraries/blas/gemm/tiny-Mingzhe-auto-and-manual/manual-version-signalIJK/./gemm.tiny.h"
                    , "line":156
                  }
                ]
              ]
              , "details":
              [
                {
                  "type":"text"
                  , "text":"Stallable instruction: n/a"
                }
                , {
                  "type":"text"
                  , "text":"Maximum concurrent iterations: Capacity of loop"
                  , "details":
                  [
                    {
                      "type":"text"
                      , "text":"Use the %L viewer to estimate capacity"
                      , "links":
                      [
                        {
                          "view":"Fmax II Report"
                        }
                      ]
                    }
                  ]
                }
                , {
                  "type":"text"
                  , "text":"See %L for more information"
                  , "links":
                  [
                    {
                      "guide":"Best Practices Guide : Nested Loops"
                      , "link":"file:////glob/development-tools/versions/oneapi/2023.1.2/oneapi/compiler/2023.1.0/linux/lib/oclfpga/aoc_help_pages/rfr1469543500580.html"
                    }
                  ]
                }
              ]
              , "children":
              [
                {
                  "name":"kernel_aLoader.B4"
                  , "data":
                  ["Yes", ">=2", "0"]
                  , "debug":
                  [
                    [
                      {
                        "filename":"/home/u89062/oneAPI-samples-ronghongbo/DirectProgramming/C++SYCL_FPGA/ReferenceDesigns/productive_libraries/blas/gemm/tiny-Mingzhe-auto-and-manual/manual-version-signalIJK/./gemm.tiny.h"
                        , "line":157
                      }
                    ]
                  ]
                  , "details":
                  [
                    {
                      "type":"text"
                      , "text":"Stallable instruction: n/a"
                    }
                    , {
                      "type":"text"
                      , "text":"Maximum concurrent iterations: Capacity of loop"
                      , "details":
                      [
                        {
                          "type":"text"
                          , "text":"Use the %L viewer to estimate capacity"
                          , "links":
                          [
                            {
                              "view":"Fmax II Report"
                            }
                          ]
                        }
                      ]
                    }
                    , {
                      "type":"text"
                      , "text":"See %L for more information"
                      , "links":
                      [
                        {
                          "guide":"Best Practices Guide : Nested Loops"
                          , "link":"file:////glob/development-tools/versions/oneapi/2023.1.2/oneapi/compiler/2023.1.0/linux/lib/oclfpga/aoc_help_pages/rfr1469543500580.html"
                        }
                      ]
                    }
                  ]
                  , "children":
                  [
                    {
                      "name":"kernel_aLoader.B7"
                      , "data":
                      ["Yes", "~1", "0"]
                      , "debug":
                      [
                        [
                          {
                            "filename":"/home/u89062/oneAPI-samples-ronghongbo/DirectProgramming/C++SYCL_FPGA/ReferenceDesigns/productive_libraries/blas/gemm/tiny-Mingzhe-auto-and-manual/manual-version-signalIJK/./gemm.tiny.h"
                            , "line":158
                          }
                        ]
                      ]
                      , "details":
                      [
                        {
                          "type":"text"
                          , "text":"II is an approximation due to the following stallable instructions:"
                          , "details":
                          [
                            {
                              "type":"text"
                              , "text":"Load Operation (%L > %L, %L, %L, %L)"
                              , "links":
                              [
                                {
                                  "filename":"/glob/development-tools/versions/oneapi/2023.1.2/oneapi/compiler/2023.1.0/linux/bin-llvm/../include/sycl/handler.hpp"
                                  , "line":"1166"
                                }
                                , {
                                  "filename":"/home/u89062/oneAPI-samples-ronghongbo/DirectProgramming/C++SYCL_FPGA/ReferenceDesigns/productive_libraries/blas/gemm/tiny-Mingzhe-auto-and-manual/manual-version-signalIJK/./gemm.tiny.h"
                                  , "line":"162"
                                }
                                , {
                                  "filename":"/home/u89062/oneAPI-samples-ronghongbo/DirectProgramming/C++SYCL_FPGA/ReferenceDesigns/productive_libraries/blas/gemm/tiny-Mingzhe-auto-and-manual/manual-version-signalIJK/./gemm.tiny.h"
                                  , "line":"163"
                                }
                                , {
                                  "filename":"/home/u89062/oneAPI-samples-ronghongbo/DirectProgramming/C++SYCL_FPGA/ReferenceDesigns/productive_libraries/blas/gemm/tiny-Mingzhe-auto-and-manual/manual-version-signalIJK/./gemm.tiny.h"
                                  , "line":"164"
                                }
                                , {
                                  "filename":"/home/u89062/oneAPI-samples-ronghongbo/DirectProgramming/C++SYCL_FPGA/ReferenceDesigns/productive_libraries/blas/gemm/tiny-Mingzhe-auto-and-manual/manual-version-signalIJK/./gemm.tiny.h"
                                  , "line":"165"
                                }
                              ]
                            }
                            , {
                              "type":"text"
                              , "text":"Pipe Write Operation (%L > %L > %L)"
                              , "links":
                              [
                                {
                                  "filename":"/glob/development-tools/versions/oneapi/2023.1.2/oneapi/compiler/2023.1.0/linux/bin-llvm/../include/sycl/handler.hpp"
                                  , "line":"1166"
                                }
                                , {
                                  "filename":"/home/u89062/oneAPI-samples-ronghongbo/DirectProgramming/C++SYCL_FPGA/ReferenceDesigns/productive_libraries/blas/gemm/tiny-Mingzhe-auto-and-manual/manual-version-signalIJK/./gemm.tiny.h"
                                  , "line":"161"
                                }
                                , {
                                  "filename":"/glob/development-tools/versions/oneapi/2023.1.2/oneapi/compiler/2023.1.0/linux/bin-llvm/../include/sycl/ext/intel/pipes.hpp"
                                  , "line":"82"
                                }
                              ]
                            }
                          ]
                        }
                        , {
                          "type":"text"
                          , "text":"Maximum concurrent iterations: Capacity of loop"
                          , "details":
                          [
                            {
                              "type":"text"
                              , "text":"Use the %L viewer to estimate capacity"
                              , "links":
                              [
                                {
                                  "view":"Fmax II Report"
                                }
                              ]
                            }
                          ]
                        }
                        , {
                          "type":"text"
                          , "text":"Average Trip count: 64 (exact)"
                        }
                        , {
                          "type":"text"
                          , "text":"See %L for more information"
                          , "links":
                          [
                            {
                              "guide":"Best Practices Guide : Loops in a Single Work-Item Kernel"
                              , "link":"file:////glob/development-tools/versions/oneapi/2023.1.2/oneapi/compiler/2023.1.0/linux/lib/oclfpga/aoc_help_pages/wfa1476380079940.html"
                            }
                          ]
                        }
                      ]
                      , "children":
                      [
                      ]
                    }
                  ]
                }
              ]
            }
          ]
        }
      ]
    }
    , {
      "name":"Kernel: kernel_aFeeder"
      , "data":
      ["", "", ""]
      , "debug":
      [
        [
          {
            "filename":"/home/u89062/oneAPI-samples-ronghongbo/DirectProgramming/C++SYCL_FPGA/ReferenceDesigns/productive_libraries/blas/gemm/tiny-Mingzhe-auto-and-manual/manual-version-signalIJK/./gemm.tiny.h"
            , "line":179
          }
        ]
      ]
      , "details":
      [
        {
          "type":"brief"
          , "text":"Single work-item execution"
        }
        , {
          "type":"text"
          , "text":"Single work-item execution"
        }
        , {
          "type":"text"
          , "text":"fMAX bottleneck block: None"
        }
        , {
          "type":"text"
          , "text":"See %L for more information"
          , "links":
          [
            {
              "guide":"Best Practices Guide : Kernels"
              , "link":"file:////glob/development-tools/versions/oneapi/2023.1.2/oneapi/compiler/2023.1.0/linux/lib/oclfpga/aoc_help_pages/ipp1476408832230.html"
            }
          ]
        }
      ]
      , "children":
      [
        {
          "name":"kernel_aFeeder.B1"
          , "data":
          ["Yes", "~1", "n/a"]
          , "debug":
          [
            [
              {
                "filename":"/home/u89062/oneAPI-samples-ronghongbo/DirectProgramming/C++SYCL_FPGA/ReferenceDesigns/productive_libraries/blas/gemm/tiny-Mingzhe-auto-and-manual/manual-version-signalIJK/./gemm.tiny.h"
                , "line":193
              }
            ]
          ]
          , "details":
          [
            {
              "type":"text"
              , "text":"II is an approximation due to the following stallable instructions:"
              , "details":
              [
                {
                  "type":"text"
                  , "text":"Pipe Read Operation (%L > %L > %L)"
                  , "links":
                  [
                    {
                      "filename":"/glob/development-tools/versions/oneapi/2023.1.2/oneapi/compiler/2023.1.0/linux/bin-llvm/../include/sycl/handler.hpp"
                      , "line":"1166"
                    }
                    , {
                      "filename":"/home/u89062/oneAPI-samples-ronghongbo/DirectProgramming/C++SYCL_FPGA/ReferenceDesigns/productive_libraries/blas/gemm/tiny-Mingzhe-auto-and-manual/manual-version-signalIJK/./gemm.tiny.h"
                      , "line":"194"
                    }
                    , {
                      "filename":"/glob/development-tools/versions/oneapi/2023.1.2/oneapi/compiler/2023.1.0/linux/bin-llvm/../include/sycl/ext/intel/pipes.hpp"
                      , "line":"67"
                    }
                  ]
                }
                , {
                  "type":"text"
                  , "text":"Pipe Write Operation (%L > %L > %L)"
                  , "links":
                  [
                    {
                      "filename":"/glob/development-tools/versions/oneapi/2023.1.2/oneapi/compiler/2023.1.0/linux/bin-llvm/../include/sycl/handler.hpp"
                      , "line":"1166"
                    }
                    , {
                      "filename":"/home/u89062/oneAPI-samples-ronghongbo/DirectProgramming/C++SYCL_FPGA/ReferenceDesigns/productive_libraries/blas/gemm/tiny-Mingzhe-auto-and-manual/manual-version-signalIJK/./gemm.tiny.h"
                      , "line":"218"
                    }
                    , {
                      "filename":"/glob/development-tools/versions/oneapi/2023.1.2/oneapi/compiler/2023.1.0/linux/bin-llvm/../include/sycl/ext/intel/pipes.hpp"
                      , "line":"82"
                    }
                  ]
                }
              ]
            }
            , {
              "type":"text"
              , "text":"Maximum concurrent iterations: Capacity of loop"
              , "details":
              [
                {
                  "type":"text"
                  , "text":"Use the %L viewer to estimate capacity"
                  , "links":
                  [
                    {
                      "view":"Fmax II Report"
                    }
                  ]
                }
              ]
            }
            , {
              "type":"text"
              , "text":"See %L for more information"
              , "links":
              [
                {
                  "guide":"Best Practices Guide : Loops in a Single Work-Item Kernel"
                  , "link":"file:////glob/development-tools/versions/oneapi/2023.1.2/oneapi/compiler/2023.1.0/linux/lib/oclfpga/aoc_help_pages/wfa1476380079940.html"
                }
              ]
            }
          ]
          , "children":
          [
            {
              "name":"Fully unrolled loop"
              , "data":
              ["n/a", "n/a", "n/a"]
              , "debug":
              [
                [
                  {
                    "filename":"gemm.tiny.h"
                    , "line":196
                  }
                ]
              ]
              , "details":
              [
                {
                  "type":"brief"
                  , "text":"Unrolled by #pragma unroll"
                }
                , {
                  "type":"text"
                  , "text":"Unrolled by #pragma unroll"
                }
              ]
              , "children":
              [
              ]
            }
          ]
        }
      ]
    }
    , {
      "name":"Kernel: kernel_bLoader"
      , "data":
      ["", "", ""]
      , "debug":
      [
        [
          {
            "filename":"/home/u89062/oneAPI-samples-ronghongbo/DirectProgramming/C++SYCL_FPGA/ReferenceDesigns/productive_libraries/blas/gemm/tiny-Mingzhe-auto-and-manual/manual-version-signalIJK/./gemm.tiny.h"
            , "line":232
          }
        ]
      ]
      , "details":
      [
        {
          "type":"brief"
          , "text":"Single work-item execution"
        }
        , {
          "type":"text"
          , "text":"Single work-item execution"
        }
        , {
          "type":"text"
          , "text":"fMAX bottleneck block: None"
        }
        , {
          "type":"text"
          , "text":"See %L for more information"
          , "links":
          [
            {
              "guide":"Best Practices Guide : Kernels"
              , "link":"file:////glob/development-tools/versions/oneapi/2023.1.2/oneapi/compiler/2023.1.0/linux/lib/oclfpga/aoc_help_pages/ipp1476408832230.html"
            }
          ]
        }
      ]
      , "children":
      [
        {
          "name":"kernel_bLoader.B1"
          , "data":
          ["Yes", ">=2", "0"]
          , "debug":
          [
            [
              {
                "filename":"/home/u89062/oneAPI-samples-ronghongbo/DirectProgramming/C++SYCL_FPGA/ReferenceDesigns/productive_libraries/blas/gemm/tiny-Mingzhe-auto-and-manual/manual-version-signalIJK/./gemm.tiny.h"
                , "line":236
              }
            ]
          ]
          , "details":
          [
            {
              "type":"brief"
              , "text":"Serial exe: Data dependency and..."
            }
            , {
              "type":"text"
              , "text":"Iteration executed serially across kernel_bLoader.B2. Only a single loop iteration will execute inside this region due to data dependency on variable(s):"
              , "details":
              [
                {
                  "type":"text"
                  , "text":"addr_temp (%L)"
                  , "links":
                  [
                    {
                      "filename":"/home/u89062/oneAPI-samples-ronghongbo/DirectProgramming/C++SYCL_FPGA/ReferenceDesigns/productive_libraries/blas/gemm/tiny-Mingzhe-auto-and-manual/manual-version-signalIJK/./gemm.tiny.h"
                      , "line":"234"
                    }
                  ]
                }
              ]
            }
            , {
              "type":"text"
              , "text":"Stallable instruction: n/a"
            }
            , {
              "type":"text"
              , "text":"Maximum concurrent iterations: Capacity of loop"
              , "details":
              [
                {
                  "type":"text"
                  , "text":"Use the %L viewer to estimate capacity"
                  , "links":
                  [
                    {
                      "view":"Fmax II Report"
                    }
                  ]
                }
              ]
            }
            , {
              "type":"text"
              , "text":"See %L for more information"
              , "links":
              [
                {
                  "guide":"Best Practices Guide : Nested Loops"
                  , "link":"file:////glob/development-tools/versions/oneapi/2023.1.2/oneapi/compiler/2023.1.0/linux/lib/oclfpga/aoc_help_pages/rfr1469543500580.html"
                }
              ]
            }
          ]
          , "children":
          [
            {
              "name":"kernel_bLoader.B2"
              , "data":
              ["Yes", ">=2", "0"]
              , "debug":
              [
                [
                  {
                    "filename":"/home/u89062/oneAPI-samples-ronghongbo/DirectProgramming/C++SYCL_FPGA/ReferenceDesigns/productive_libraries/blas/gemm/tiny-Mingzhe-auto-and-manual/manual-version-signalIJK/./gemm.tiny.h"
                    , "line":237
                  }
                ]
              ]
              , "details":
              [
                {
                  "type":"text"
                  , "text":"Stallable instruction: n/a"
                }
                , {
                  "type":"text"
                  , "text":"Maximum concurrent iterations: Capacity of loop"
                  , "details":
                  [
                    {
                      "type":"text"
                      , "text":"Use the %L viewer to estimate capacity"
                      , "links":
                      [
                        {
                          "view":"Fmax II Report"
                        }
                      ]
                    }
                  ]
                }
                , {
                  "type":"text"
                  , "text":"See %L for more information"
                  , "links":
                  [
                    {
                      "guide":"Best Practices Guide : Nested Loops"
                      , "link":"file:////glob/development-tools/versions/oneapi/2023.1.2/oneapi/compiler/2023.1.0/linux/lib/oclfpga/aoc_help_pages/rfr1469543500580.html"
                    }
                  ]
                }
              ]
              , "children":
              [
                {
                  "name":"kernel_bLoader.B4"
                  , "data":
                  ["Yes", ">=2", "0"]
                  , "debug":
                  [
                    [
                      {
                        "filename":"/home/u89062/oneAPI-samples-ronghongbo/DirectProgramming/C++SYCL_FPGA/ReferenceDesigns/productive_libraries/blas/gemm/tiny-Mingzhe-auto-and-manual/manual-version-signalIJK/./gemm.tiny.h"
                        , "line":238
                      }
                    ]
                  ]
                  , "details":
                  [
                    {
                      "type":"text"
                      , "text":"Stallable instruction: n/a"
                    }
                    , {
                      "type":"text"
                      , "text":"Maximum concurrent iterations: Capacity of loop"
                      , "details":
                      [
                        {
                          "type":"text"
                          , "text":"Use the %L viewer to estimate capacity"
                          , "links":
                          [
                            {
                              "view":"Fmax II Report"
                            }
                          ]
                        }
                      ]
                    }
                    , {
                      "type":"text"
                      , "text":"See %L for more information"
                      , "links":
                      [
                        {
                          "guide":"Best Practices Guide : Nested Loops"
                          , "link":"file:////glob/development-tools/versions/oneapi/2023.1.2/oneapi/compiler/2023.1.0/linux/lib/oclfpga/aoc_help_pages/rfr1469543500580.html"
                        }
                      ]
                    }
                  ]
                  , "children":
                  [
                    {
                      "name":"kernel_bLoader.B7"
                      , "data":
                      ["Yes", "~1", "0"]
                      , "debug":
                      [
                        [
                          {
                            "filename":"/home/u89062/oneAPI-samples-ronghongbo/DirectProgramming/C++SYCL_FPGA/ReferenceDesigns/productive_libraries/blas/gemm/tiny-Mingzhe-auto-and-manual/manual-version-signalIJK/./gemm.tiny.h"
                            , "line":239
                          }
                        ]
                      ]
                      , "details":
                      [
                        {
                          "type":"text"
                          , "text":"II is an approximation due to the following stallable instructions:"
                          , "details":
                          [
                            {
                              "type":"text"
                              , "text":"Load Operation (%L > %L, %L, %L, %L)"
                              , "links":
                              [
                                {
                                  "filename":"/glob/development-tools/versions/oneapi/2023.1.2/oneapi/compiler/2023.1.0/linux/bin-llvm/../include/sycl/handler.hpp"
                                  , "line":"1166"
                                }
                                , {
                                  "filename":"/home/u89062/oneAPI-samples-ronghongbo/DirectProgramming/C++SYCL_FPGA/ReferenceDesigns/productive_libraries/blas/gemm/tiny-Mingzhe-auto-and-manual/manual-version-signalIJK/./gemm.tiny.h"
                                  , "line":"243"
                                }
                                , {
                                  "filename":"/home/u89062/oneAPI-samples-ronghongbo/DirectProgramming/C++SYCL_FPGA/ReferenceDesigns/productive_libraries/blas/gemm/tiny-Mingzhe-auto-and-manual/manual-version-signalIJK/./gemm.tiny.h"
                                  , "line":"244"
                                }
                                , {
                                  "filename":"/home/u89062/oneAPI-samples-ronghongbo/DirectProgramming/C++SYCL_FPGA/ReferenceDesigns/productive_libraries/blas/gemm/tiny-Mingzhe-auto-and-manual/manual-version-signalIJK/./gemm.tiny.h"
                                  , "line":"245"
                                }
                                , {
                                  "filename":"/home/u89062/oneAPI-samples-ronghongbo/DirectProgramming/C++SYCL_FPGA/ReferenceDesigns/productive_libraries/blas/gemm/tiny-Mingzhe-auto-and-manual/manual-version-signalIJK/./gemm.tiny.h"
                                  , "line":"246"
                                }
                              ]
                            }
                            , {
                              "type":"text"
                              , "text":"Pipe Write Operation (%L > %L > %L)"
                              , "links":
                              [
                                {
                                  "filename":"/glob/development-tools/versions/oneapi/2023.1.2/oneapi/compiler/2023.1.0/linux/bin-llvm/../include/sycl/handler.hpp"
                                  , "line":"1166"
                                }
                                , {
                                  "filename":"/home/u89062/oneAPI-samples-ronghongbo/DirectProgramming/C++SYCL_FPGA/ReferenceDesigns/productive_libraries/blas/gemm/tiny-Mingzhe-auto-and-manual/manual-version-signalIJK/./gemm.tiny.h"
                                  , "line":"242"
                                }
                                , {
                                  "filename":"/glob/development-tools/versions/oneapi/2023.1.2/oneapi/compiler/2023.1.0/linux/bin-llvm/../include/sycl/ext/intel/pipes.hpp"
                                  , "line":"82"
                                }
                              ]
                            }
                          ]
                        }
                        , {
                          "type":"text"
                          , "text":"Maximum concurrent iterations: Capacity of loop"
                          , "details":
                          [
                            {
                              "type":"text"
                              , "text":"Use the %L viewer to estimate capacity"
                              , "links":
                              [
                                {
                                  "view":"Fmax II Report"
                                }
                              ]
                            }
                          ]
                        }
                        , {
                          "type":"text"
                          , "text":"Average Trip count: 64 (exact)"
                        }
                        , {
                          "type":"text"
                          , "text":"See %L for more information"
                          , "links":
                          [
                            {
                              "guide":"Best Practices Guide : Loops in a Single Work-Item Kernel"
                              , "link":"file:////glob/development-tools/versions/oneapi/2023.1.2/oneapi/compiler/2023.1.0/linux/lib/oclfpga/aoc_help_pages/wfa1476380079940.html"
                            }
                          ]
                        }
                      ]
                      , "children":
                      [
                      ]
                    }
                  ]
                }
              ]
            }
          ]
        }
      ]
    }
    , {
      "name":"Kernel: kernel_bFeeder"
      , "data":
      ["", "", ""]
      , "debug":
      [
        [
          {
            "filename":"/home/u89062/oneAPI-samples-ronghongbo/DirectProgramming/C++SYCL_FPGA/ReferenceDesigns/productive_libraries/blas/gemm/tiny-Mingzhe-auto-and-manual/manual-version-signalIJK/./gemm.tiny.h"
            , "line":260
          }
        ]
      ]
      , "details":
      [
        {
          "type":"brief"
          , "text":"Single work-item execution"
        }
        , {
          "type":"text"
          , "text":"Single work-item execution"
        }
        , {
          "type":"text"
          , "text":"fMAX bottleneck block: None"
        }
        , {
          "type":"text"
          , "text":"See %L for more information"
          , "links":
          [
            {
              "guide":"Best Practices Guide : Kernels"
              , "link":"file:////glob/development-tools/versions/oneapi/2023.1.2/oneapi/compiler/2023.1.0/linux/lib/oclfpga/aoc_help_pages/ipp1476408832230.html"
            }
          ]
        }
      ]
      , "children":
      [
        {
          "name":"kernel_bFeeder.B1"
          , "data":
          ["Yes", "~1", "n/a"]
          , "debug":
          [
            [
              {
                "filename":"/home/u89062/oneAPI-samples-ronghongbo/DirectProgramming/C++SYCL_FPGA/ReferenceDesigns/productive_libraries/blas/gemm/tiny-Mingzhe-auto-and-manual/manual-version-signalIJK/./gemm.tiny.h"
                , "line":274
              }
            ]
          ]
          , "details":
          [
            {
              "type":"text"
              , "text":"II is an approximation due to the following stallable instructions:"
              , "details":
              [
                {
                  "type":"text"
                  , "text":"Pipe Read Operation (%L > %L > %L)"
                  , "links":
                  [
                    {
                      "filename":"/glob/development-tools/versions/oneapi/2023.1.2/oneapi/compiler/2023.1.0/linux/bin-llvm/../include/sycl/handler.hpp"
                      , "line":"1166"
                    }
                    , {
                      "filename":"/home/u89062/oneAPI-samples-ronghongbo/DirectProgramming/C++SYCL_FPGA/ReferenceDesigns/productive_libraries/blas/gemm/tiny-Mingzhe-auto-and-manual/manual-version-signalIJK/./gemm.tiny.h"
                      , "line":"275"
                    }
                    , {
                      "filename":"/glob/development-tools/versions/oneapi/2023.1.2/oneapi/compiler/2023.1.0/linux/bin-llvm/../include/sycl/ext/intel/pipes.hpp"
                      , "line":"67"
                    }
                  ]
                }
                , {
                  "type":"text"
                  , "text":"Pipe Write Operation (%L > %L > %L)"
                  , "links":
                  [
                    {
                      "filename":"/glob/development-tools/versions/oneapi/2023.1.2/oneapi/compiler/2023.1.0/linux/bin-llvm/../include/sycl/handler.hpp"
                      , "line":"1166"
                    }
                    , {
                      "filename":"/home/u89062/oneAPI-samples-ronghongbo/DirectProgramming/C++SYCL_FPGA/ReferenceDesigns/productive_libraries/blas/gemm/tiny-Mingzhe-auto-and-manual/manual-version-signalIJK/./gemm.tiny.h"
                      , "line":"299"
                    }
                    , {
                      "filename":"/glob/development-tools/versions/oneapi/2023.1.2/oneapi/compiler/2023.1.0/linux/bin-llvm/../include/sycl/ext/intel/pipes.hpp"
                      , "line":"82"
                    }
                  ]
                }
              ]
            }
            , {
              "type":"text"
              , "text":"Maximum concurrent iterations: Capacity of loop"
              , "details":
              [
                {
                  "type":"text"
                  , "text":"Use the %L viewer to estimate capacity"
                  , "links":
                  [
                    {
                      "view":"Fmax II Report"
                    }
                  ]
                }
              ]
            }
            , {
              "type":"text"
              , "text":"See %L for more information"
              , "links":
              [
                {
                  "guide":"Best Practices Guide : Loops in a Single Work-Item Kernel"
                  , "link":"file:////glob/development-tools/versions/oneapi/2023.1.2/oneapi/compiler/2023.1.0/linux/lib/oclfpga/aoc_help_pages/wfa1476380079940.html"
                }
              ]
            }
          ]
          , "children":
          [
            {
              "name":"Fully unrolled loop"
              , "data":
              ["n/a", "n/a", "n/a"]
              , "debug":
              [
                [
                  {
                    "filename":"gemm.tiny.h"
                    , "line":277
                  }
                ]
              ]
              , "details":
              [
                {
                  "type":"brief"
                  , "text":"Unrolled by #pragma unroll"
                }
                , {
                  "type":"text"
                  , "text":"Unrolled by #pragma unroll"
                }
              ]
              , "children":
              [
              ]
            }
          ]
        }
      ]
    }
    , {
      "name":"Kernel: kernel_SignalGenerator"
      , "data":
      ["", "", ""]
      , "debug":
      [
        [
          {
            "filename":"/home/u89062/oneAPI-samples-ronghongbo/DirectProgramming/C++SYCL_FPGA/ReferenceDesigns/productive_libraries/blas/gemm/tiny-Mingzhe-auto-and-manual/manual-version-signalIJK/./gemm.tiny.h"
            , "line":309
          }
        ]
      ]
      , "details":
      [
        {
          "type":"brief"
          , "text":"Single work-item execution"
        }
        , {
          "type":"text"
          , "text":"Single work-item execution"
        }
        , {
          "type":"text"
          , "text":"fMAX bottleneck block: None"
        }
        , {
          "type":"text"
          , "text":"See %L for more information"
          , "links":
          [
            {
              "guide":"Best Practices Guide : Kernels"
              , "link":"file:////glob/development-tools/versions/oneapi/2023.1.2/oneapi/compiler/2023.1.0/linux/lib/oclfpga/aoc_help_pages/ipp1476408832230.html"
            }
          ]
        }
      ]
      , "children":
      [
        {
          "name":"kernel_SignalGenerator.B1"
          , "data":
          ["Yes", ">=2", "0"]
          , "debug":
          [
            [
              {
                "filename":"/home/u89062/oneAPI-samples-ronghongbo/DirectProgramming/C++SYCL_FPGA/ReferenceDesigns/productive_libraries/blas/gemm/tiny-Mingzhe-auto-and-manual/manual-version-signalIJK/./gemm.tiny.h"
                , "line":310
              }
            ]
          ]
          , "details":
          [
            {
              "type":"text"
              , "text":"Stallable instruction: n/a"
            }
            , {
              "type":"text"
              , "text":"Maximum concurrent iterations: Capacity of loop"
              , "details":
              [
                {
                  "type":"text"
                  , "text":"Use the %L viewer to estimate capacity"
                  , "links":
                  [
                    {
                      "view":"Fmax II Report"
                    }
                  ]
                }
              ]
            }
            , {
              "type":"text"
              , "text":"See %L for more information"
              , "links":
              [
                {
                  "guide":"Best Practices Guide : Nested Loops"
                  , "link":"file:////glob/development-tools/versions/oneapi/2023.1.2/oneapi/compiler/2023.1.0/linux/lib/oclfpga/aoc_help_pages/rfr1469543500580.html"
                }
              ]
            }
          ]
          , "children":
          [
            {
              "name":"kernel_SignalGenerator.B2"
              , "data":
              ["Yes", ">=2", "0"]
              , "debug":
              [
                [
                  {
                    "filename":"/home/u89062/oneAPI-samples-ronghongbo/DirectProgramming/C++SYCL_FPGA/ReferenceDesigns/productive_libraries/blas/gemm/tiny-Mingzhe-auto-and-manual/manual-version-signalIJK/./gemm.tiny.h"
                    , "line":311
                  }
                ]
              ]
              , "details":
              [
                {
                  "type":"text"
                  , "text":"Stallable instruction: n/a"
                }
                , {
                  "type":"text"
                  , "text":"Maximum concurrent iterations: Capacity of loop"
                  , "details":
                  [
                    {
                      "type":"text"
                      , "text":"Use the %L viewer to estimate capacity"
                      , "links":
                      [
                        {
                          "view":"Fmax II Report"
                        }
                      ]
                    }
                  ]
                }
                , {
                  "type":"text"
                  , "text":"See %L for more information"
                  , "links":
                  [
                    {
                      "guide":"Best Practices Guide : Nested Loops"
                      , "link":"file:////glob/development-tools/versions/oneapi/2023.1.2/oneapi/compiler/2023.1.0/linux/lib/oclfpga/aoc_help_pages/rfr1469543500580.html"
                    }
                  ]
                }
              ]
              , "children":
              [
                {
                  "name":"kernel_SignalGenerator.B5"
                  , "data":
                  ["Yes", "~2", "1"]
                  , "debug":
                  [
                    [
                      {
                        "filename":"/home/u89062/oneAPI-samples-ronghongbo/DirectProgramming/C++SYCL_FPGA/ReferenceDesigns/productive_libraries/blas/gemm/tiny-Mingzhe-auto-and-manual/manual-version-signalIJK/./gemm.tiny.h"
                        , "line":312
                      }
                    ]
                  ]
                  , "details":
                  [
                    {
                      "type":"brief"
                      , "text":"Data dependency"
                    }
                    , {
                      "type":"text"
                      , "text":"Compiler failed to schedule this loop with smaller II due to data dependency on variable(s):"
                      , "details":
                      [
                        {
                          "type":"text"
                          , "text":"k (%L)"
                          , "links":
                          [
                            {
                              "filename":"/home/u89062/oneAPI-samples-ronghongbo/DirectProgramming/C++SYCL_FPGA/ReferenceDesigns/productive_libraries/blas/gemm/tiny-Mingzhe-auto-and-manual/manual-version-signalIJK/./gemm.tiny.h"
                              , "line":"312"
                            }
                          ]
                        }
                      ]
                    }
                    , {
                      "type":"text"
                      , "text":"Most critical loop feedback path during scheduling:"
                      , "details":
                      [
                        {
                          "type":"text"
                          , "text":"1.49 clock cycle 65-bit Integer Add Operation (%L > %L)"
                          , "links":
                          [
                            {
                              "filename":"/glob/development-tools/versions/oneapi/2023.1.2/oneapi/compiler/2023.1.0/linux/bin-llvm/../include/sycl/handler.hpp"
                              , "line":"1166"
                            }
                            , {
                              "filename":"/home/u89062/oneAPI-samples-ronghongbo/DirectProgramming/C++SYCL_FPGA/ReferenceDesigns/productive_libraries/blas/gemm/tiny-Mingzhe-auto-and-manual/manual-version-signalIJK/./gemm.tiny.h"
                              , "line":"312"
                            }
                          ]
                        }
                        , {
                          "type":"text"
                          , "text":"1.00 clock cycle 65-bit Select Operation (%L > %L)"
                          , "links":
                          [
                            {
                              "filename":"/glob/development-tools/versions/oneapi/2023.1.2/oneapi/compiler/2023.1.0/linux/bin-llvm/../include/sycl/handler.hpp"
                              , "line":"1166"
                            }
                            , {
                              "filename":"/home/u89062/oneAPI-samples-ronghongbo/DirectProgramming/C++SYCL_FPGA/ReferenceDesigns/productive_libraries/blas/gemm/tiny-Mingzhe-auto-and-manual/manual-version-signalIJK/./gemm.tiny.h"
                              , "line":"312"
                            }
                          ]
                        }
                      ]
                    }
                    , {
                      "type":"text"
                      , "text":"II is an approximation due to the following stallable instruction:"
                      , "details":
                      [
                        {
                          "type":"text"
                          , "text":"Pipe Write Operation (%L > %L > %L)"
                          , "links":
                          [
                            {
                              "filename":"/glob/development-tools/versions/oneapi/2023.1.2/oneapi/compiler/2023.1.0/linux/bin-llvm/../include/sycl/handler.hpp"
                              , "line":"1166"
                            }
                            , {
                              "filename":"/home/u89062/oneAPI-samples-ronghongbo/DirectProgramming/C++SYCL_FPGA/ReferenceDesigns/productive_libraries/blas/gemm/tiny-Mingzhe-auto-and-manual/manual-version-signalIJK/./gemm.tiny.h"
                              , "line":"318"
                            }
                            , {
                              "filename":"/glob/development-tools/versions/oneapi/2023.1.2/oneapi/compiler/2023.1.0/linux/bin-llvm/../include/sycl/ext/intel/pipes.hpp"
                              , "line":"82"
                            }
                          ]
                        }
                      ]
                    }
                    , {
                      "type":"text"
                      , "text":"Maximum concurrent iterations: Capacity of loop"
                      , "details":
                      [
                        {
                          "type":"text"
                          , "text":"Use the %L viewer to estimate capacity"
                          , "links":
                          [
                            {
                              "view":"Fmax II Report"
                            }
                          ]
                        }
                      ]
                    }
                    , {
                      "type":"text"
                      , "text":"See %L for more information"
                      , "links":
                      [
                        {
                          "guide":"Best Practices Guide : Loops in a Single Work-Item Kernel"
                          , "link":"file:////glob/development-tools/versions/oneapi/2023.1.2/oneapi/compiler/2023.1.0/linux/lib/oclfpga/aoc_help_pages/wfa1476380079940.html"
                        }
                      ]
                    }
                  ]
                  , "children":
                  [
                  ]
                }
              ]
            }
          ]
        }
      ]
    }
    , {
      "name":"Kernel: kernel_Product"
      , "data":
      ["", "", ""]
      , "debug":
      [
        [
          {
            "filename":"/home/u89062/oneAPI-samples-ronghongbo/DirectProgramming/C++SYCL_FPGA/ReferenceDesigns/productive_libraries/blas/gemm/tiny-Mingzhe-auto-and-manual/manual-version-signalIJK/./gemm.tiny.h"
            , "line":329
          }
        ]
      ]
      , "details":
      [
        {
          "type":"brief"
          , "text":"Single work-item execution"
        }
        , {
          "type":"text"
          , "text":"Single work-item execution"
        }
        , {
          "type":"text"
          , "text":"fMAX bottleneck block: None"
        }
        , {
          "type":"text"
          , "text":"See %L for more information"
          , "links":
          [
            {
              "guide":"Best Practices Guide : Kernels"
              , "link":"file:////glob/development-tools/versions/oneapi/2023.1.2/oneapi/compiler/2023.1.0/linux/lib/oclfpga/aoc_help_pages/ipp1476408832230.html"
            }
          ]
        }
      ]
      , "children":
      [
        {
          "name":"kernel_Product.B2"
          , "data":
          ["Yes", ">=1", "n/a"]
          , "debug":
          [
            [
              {
                "filename":"/home/u89062/oneAPI-samples-ronghongbo/DirectProgramming/C++SYCL_FPGA/ReferenceDesigns/productive_libraries/blas/gemm/tiny-Mingzhe-auto-and-manual/manual-version-signalIJK/./gemm.tiny.h"
                , "line":347
              }
            ]
          ]
          , "details":
          [
            {
              "type":"text"
              , "text":"Stallable instruction: n/a"
            }
            , {
              "type":"text"
              , "text":"Maximum concurrent iterations: Capacity of loop"
              , "details":
              [
                {
                  "type":"text"
                  , "text":"Use the %L viewer to estimate capacity"
                  , "links":
                  [
                    {
                      "view":"Fmax II Report"
                    }
                  ]
                }
              ]
            }
            , {
              "type":"text"
              , "text":"See %L for more information"
              , "links":
              [
                {
                  "guide":"Best Practices Guide : Nested Loops"
                  , "link":"file:////glob/development-tools/versions/oneapi/2023.1.2/oneapi/compiler/2023.1.0/linux/lib/oclfpga/aoc_help_pages/rfr1469543500580.html"
                }
              ]
            }
          ]
          , "children":
          [
            {
              "name":"kernel_Product.B3"
              , "data":
              ["Yes", "~1", "0"]
              , "debug":
              [
                [
                  {
                    "filename":"/home/u89062/oneAPI-samples-ronghongbo/DirectProgramming/C++SYCL_FPGA/ReferenceDesigns/productive_libraries/blas/gemm/tiny-Mingzhe-auto-and-manual/manual-version-signalIJK/./gemm.tiny.h"
                    , "line":347
                  }
                ]
              ]
              , "details":
              [
                {
                  "type":"text"
                  , "text":"II is an approximation due to the following stallable instructions:"
                  , "details":
                  [
                    {
                      "type":"text"
                      , "text":"Pipe Read Operation (%L > %L > %L)"
                      , "links":
                      [
                        {
                          "filename":"/glob/development-tools/versions/oneapi/2023.1.2/oneapi/compiler/2023.1.0/linux/bin-llvm/../include/sycl/handler.hpp"
                          , "line":"1166"
                        }
                        , {
                          "filename":"/home/u89062/oneAPI-samples-ronghongbo/DirectProgramming/C++SYCL_FPGA/ReferenceDesigns/productive_libraries/blas/gemm/tiny-Mingzhe-auto-and-manual/manual-version-signalIJK/./gemm.tiny.h"
                          , "line":"361"
                        }
                        , {
                          "filename":"/glob/development-tools/versions/oneapi/2023.1.2/oneapi/compiler/2023.1.0/linux/bin-llvm/../include/sycl/ext/intel/pipes.hpp"
                          , "line":"67"
                        }
                      ]
                    }
                    , {
                      "type":"text"
                      , "text":"Pipe Read Operation (%L > %L > %L)"
                      , "links":
                      [
                        {
                          "filename":"/glob/development-tools/versions/oneapi/2023.1.2/oneapi/compiler/2023.1.0/linux/bin-llvm/../include/sycl/handler.hpp"
                          , "line":"1166"
                        }
                        , {
                          "filename":"/home/u89062/oneAPI-samples-ronghongbo/DirectProgramming/C++SYCL_FPGA/ReferenceDesigns/productive_libraries/blas/gemm/tiny-Mingzhe-auto-and-manual/manual-version-signalIJK/./gemm.tiny.h"
                          , "line":"362"
                        }
                        , {
                          "filename":"/glob/development-tools/versions/oneapi/2023.1.2/oneapi/compiler/2023.1.0/linux/bin-llvm/../include/sycl/ext/intel/pipes.hpp"
                          , "line":"67"
                        }
                      ]
                    }
                    , {
                      "type":"text"
                      , "text":"Pipe Write Operation (%L > %L > %L)"
                      , "links":
                      [
                        {
                          "filename":"/glob/development-tools/versions/oneapi/2023.1.2/oneapi/compiler/2023.1.0/linux/bin-llvm/../include/sycl/handler.hpp"
                          , "line":"1166"
                        }
                        , {
                          "filename":"/home/u89062/oneAPI-samples-ronghongbo/DirectProgramming/C++SYCL_FPGA/ReferenceDesigns/productive_libraries/blas/gemm/tiny-Mingzhe-auto-and-manual/manual-version-signalIJK/./gemm.tiny.h"
                          , "line":"410"
                        }
                        , {
                          "filename":"/glob/development-tools/versions/oneapi/2023.1.2/oneapi/compiler/2023.1.0/linux/bin-llvm/../include/sycl/ext/intel/pipes.hpp"
                          , "line":"82"
                        }
                      ]
                    }
                  ]
                }
                , {
                  "type":"text"
                  , "text":"Maximum concurrent iterations: Capacity of loop"
                  , "details":
                  [
                    {
                      "type":"text"
                      , "text":"Use the %L viewer to estimate capacity"
                      , "links":
                      [
                        {
                          "view":"Fmax II Report"
                        }
                      ]
                    }
                  ]
                }
                , {
                  "type":"text"
                  , "text":"Average Trip count: 64 (exact)"
                }
                , {
                  "type":"text"
                  , "text":"See %L for more information"
                  , "links":
                  [
                    {
                      "guide":"Best Practices Guide : Loops in a Single Work-Item Kernel"
                      , "link":"file:////glob/development-tools/versions/oneapi/2023.1.2/oneapi/compiler/2023.1.0/linux/lib/oclfpga/aoc_help_pages/wfa1476380079940.html"
                    }
                  ]
                }
              ]
              , "children":
              [
                {
                  "name":"Fully unrolled loop"
                  , "data":
                  ["n/a", "n/a", "n/a"]
                  , "debug":
                  [
                    [
                      {
                        "filename":"gemm.tiny.h"
                        , "line":349
                      }
                    ]
                  ]
                  , "details":
                  [
                    {
                      "type":"brief"
                      , "text":"Unrolled by #pragma unroll"
                    }
                    , {
                      "type":"text"
                      , "text":"Unrolled by #pragma unroll"
                    }
                  ]
                  , "children":
                  [
                    {
                      "name":"Fully unrolled loop"
                      , "data":
                      ["n/a", "n/a", "n/a"]
                      , "debug":
                      [
                        [
                          {
                            "filename":"gemm.tiny.h"
                            , "line":351
                          }
                        ]
                      ]
                      , "details":
                      [
                        {
                          "type":"brief"
                          , "text":"Unrolled by #pragma unroll"
                        }
                        , {
                          "type":"text"
                          , "text":"Unrolled by #pragma unroll"
                        }
                      ]
                      , "children":
                      [
                        {
                          "name":"Fully unrolled loop"
                          , "data":
                          ["n/a", "n/a", "n/a"]
                          , "debug":
                          [
                            [
                              {
                                "filename":"gemm.tiny.h"
                                , "line":354
                              }
                            ]
                          ]
                          , "details":
                          [
                            {
                              "type":"brief"
                              , "text":"Unrolled by #pragma unroll"
                            }
                            , {
                              "type":"text"
                              , "text":"Unrolled by #pragma unroll"
                            }
                          ]
                          , "children":
                          [
                          ]
                        }
                      ]
                    }
                  ]
                }
                , {
                  "name":"Fully unrolled loop"
                  , "data":
                  ["n/a", "n/a", "n/a"]
                  , "debug":
                  [
                    [
                      {
                        "filename":"gemm.tiny.h"
                        , "line":365
                      }
                    ]
                  ]
                  , "details":
                  [
                    {
                      "type":"brief"
                      , "text":"Unrolled by #pragma unroll"
                    }
                    , {
                      "type":"text"
                      , "text":"Unrolled by #pragma unroll"
                    }
                  ]
                  , "children":
                  [
                    {
                      "name":"Fully unrolled loop"
                      , "data":
                      ["n/a", "n/a", "n/a"]
                      , "debug":
                      [
                        [
                          {
                            "filename":"gemm.tiny.h"
                            , "line":367
                          }
                        ]
                      ]
                      , "details":
                      [
                        {
                          "type":"brief"
                          , "text":"Unrolled by #pragma unroll"
                        }
                        , {
                          "type":"text"
                          , "text":"Unrolled by #pragma unroll"
                        }
                      ]
                      , "children":
                      [
                        {
                          "name":"Fully unrolled loop"
                          , "data":
                          ["n/a", "n/a", "n/a"]
                          , "debug":
                          [
                            [
                              {
                                "filename":"gemm.tiny.h"
                                , "line":382
                              }
                            ]
                          ]
                          , "details":
                          [
                            {
                              "type":"brief"
                              , "text":"Unrolled by #pragma unroll"
                            }
                            , {
                              "type":"text"
                              , "text":"Unrolled by #pragma unroll"
                            }
                          ]
                          , "children":
                          [
                          ]
                        }
                        , {
                          "name":"Fully unrolled loop"
                          , "data":
                          ["n/a", "n/a", "n/a"]
                          , "debug":
                          [
                            [
                              {
                                "filename":"gemm.tiny.h"
                                , "line":390
                              }
                            ]
                          ]
                          , "details":
                          [
                            {
                              "type":"brief"
                              , "text":"Unrolled by #pragma unroll"
                            }
                            , {
                              "type":"text"
                              , "text":"Unrolled by #pragma unroll"
                            }
                          ]
                          , "children":
                          [
                          ]
                        }
                      ]
                    }
                  ]
                }
                , {
                  "name":"Fully unrolled loop"
                  , "data":
                  ["n/a", "n/a", "n/a"]
                  , "debug":
                  [
                    [
                      {
                        "filename":"gemm.tiny.h"
                        , "line":402
                      }
                    ]
                  ]
                  , "details":
                  [
                    {
                      "type":"brief"
                      , "text":"Unrolled by #pragma unroll"
                    }
                    , {
                      "type":"text"
                      , "text":"Unrolled by #pragma unroll"
                    }
                  ]
                  , "children":
                  [
                    {
                      "name":"Fully unrolled loop"
                      , "data":
                      ["n/a", "n/a", "n/a"]
                      , "debug":
                      [
                        [
                          {
                            "filename":"gemm.tiny.h"
                            , "line":405
                          }
                        ]
                      ]
                      , "details":
                      [
                        {
                          "type":"brief"
                          , "text":"Unrolled by #pragma unroll"
                        }
                        , {
                          "type":"text"
                          , "text":"Unrolled by #pragma unroll"
                        }
                      ]
                      , "children":
                      [
                      ]
                    }
                  ]
                }
                , {
                  "name":"Fully unrolled loop"
                  , "data":
                  ["n/a", "n/a", "n/a"]
                  , "debug":
                  [
                    [
                      {
                        "filename":"gemm.tiny.h"
                        , "line":413
                      }
                    ]
                  ]
                  , "details":
                  [
                    {
                      "type":"brief"
                      , "text":"Unrolled by #pragma unroll"
                    }
                    , {
                      "type":"text"
                      , "text":"Unrolled by #pragma unroll"
                    }
                  ]
                  , "children":
                  [
                    {
                      "name":"Fully unrolled loop"
                      , "data":
                      ["n/a", "n/a", "n/a"]
                      , "debug":
                      [
                        [
                          {
                            "filename":"gemm.tiny.h"
                            , "line":415
                          }
                        ]
                      ]
                      , "details":
                      [
                        {
                          "type":"brief"
                          , "text":"Unrolled by #pragma unroll"
                        }
                        , {
                          "type":"text"
                          , "text":"Unrolled by #pragma unroll"
                        }
                      ]
                      , "children":
                      [
                        {
                          "name":"Fully unrolled loop"
                          , "data":
                          ["n/a", "n/a", "n/a"]
                          , "debug":
                          [
                            [
                              {
                                "filename":"gemm.tiny.h"
                                , "line":417
                              }
                            ]
                          ]
                          , "details":
                          [
                            {
                              "type":"brief"
                              , "text":"Unrolled by #pragma unroll"
                            }
                            , {
                              "type":"text"
                              , "text":"Unrolled by #pragma unroll"
                            }
                          ]
                          , "children":
                          [
                          ]
                        }
                      ]
                    }
                  ]
                }
              ]
            }
          ]
        }
      ]
    }
    , {
      "name":"Kernel: kernel_cLoader"
      , "data":
      ["", "", ""]
      , "debug":
      [
        [
          {
            "filename":"/home/u89062/oneAPI-samples-ronghongbo/DirectProgramming/C++SYCL_FPGA/ReferenceDesigns/productive_libraries/blas/gemm/tiny-Mingzhe-auto-and-manual/manual-version-signalIJK/./gemm.tiny.h"
            , "line":435
          }
        ]
      ]
      , "details":
      [
        {
          "type":"brief"
          , "text":"Single work-item execution"
        }
        , {
          "type":"text"
          , "text":"Single work-item execution"
        }
        , {
          "type":"text"
          , "text":"fMAX bottleneck block: None"
        }
        , {
          "type":"text"
          , "text":"See %L for more information"
          , "links":
          [
            {
              "guide":"Best Practices Guide : Kernels"
              , "link":"file:////glob/development-tools/versions/oneapi/2023.1.2/oneapi/compiler/2023.1.0/linux/lib/oclfpga/aoc_help_pages/ipp1476408832230.html"
            }
          ]
        }
      ]
      , "children":
      [
        {
          "name":"kernel_cLoader.B1"
          , "data":
          ["Yes", ">=2", "0"]
          , "debug":
          [
            [
              {
                "filename":"/home/u89062/oneAPI-samples-ronghongbo/DirectProgramming/C++SYCL_FPGA/ReferenceDesigns/productive_libraries/blas/gemm/tiny-Mingzhe-auto-and-manual/manual-version-signalIJK/./gemm.tiny.h"
                , "line":439
              }
            ]
          ]
          , "details":
          [
            {
              "type":"text"
              , "text":"Stallable instruction: n/a"
            }
            , {
              "type":"text"
              , "text":"Maximum concurrent iterations: Capacity of loop"
              , "details":
              [
                {
                  "type":"text"
                  , "text":"Use the %L viewer to estimate capacity"
                  , "links":
                  [
                    {
                      "view":"Fmax II Report"
                    }
                  ]
                }
              ]
            }
            , {
              "type":"text"
              , "text":"See %L for more information"
              , "links":
              [
                {
                  "guide":"Best Practices Guide : Nested Loops"
                  , "link":"file:////glob/development-tools/versions/oneapi/2023.1.2/oneapi/compiler/2023.1.0/linux/lib/oclfpga/aoc_help_pages/rfr1469543500580.html"
                }
              ]
            }
          ]
          , "children":
          [
            {
              "name":"kernel_cLoader.B2"
              , "data":
              ["Yes", ">=2", "0"]
              , "debug":
              [
                [
                  {
                    "filename":"/home/u89062/oneAPI-samples-ronghongbo/DirectProgramming/C++SYCL_FPGA/ReferenceDesigns/productive_libraries/blas/gemm/tiny-Mingzhe-auto-and-manual/manual-version-signalIJK/./gemm.tiny.h"
                    , "line":440
                  }
                ]
              ]
              , "details":
              [
                {
                  "type":"text"
                  , "text":"Stallable instruction: n/a"
                }
                , {
                  "type":"text"
                  , "text":"Maximum concurrent iterations: Capacity of loop"
                  , "details":
                  [
                    {
                      "type":"text"
                      , "text":"Use the %L viewer to estimate capacity"
                      , "links":
                      [
                        {
                          "view":"Fmax II Report"
                        }
                      ]
                    }
                  ]
                }
                , {
                  "type":"text"
                  , "text":"See %L for more information"
                  , "links":
                  [
                    {
                      "guide":"Best Practices Guide : Nested Loops"
                      , "link":"file:////glob/development-tools/versions/oneapi/2023.1.2/oneapi/compiler/2023.1.0/linux/lib/oclfpga/aoc_help_pages/rfr1469543500580.html"
                    }
                  ]
                }
              ]
              , "children":
              [
                {
                  "name":"kernel_cLoader.B5"
                  , "data":
                  ["Yes", "~1", "0"]
                  , "debug":
                  [
                    [
                      {
                        "filename":"/home/u89062/oneAPI-samples-ronghongbo/DirectProgramming/C++SYCL_FPGA/ReferenceDesigns/productive_libraries/blas/gemm/tiny-Mingzhe-auto-and-manual/manual-version-signalIJK/./gemm.tiny.h"
                        , "line":441
                      }
                    ]
                  ]
                  , "details":
                  [
                    {
                      "type":"text"
                      , "text":"II is an approximation due to the following stallable instructions:"
                      , "details":
                      [
                        {
                          "type":"text"
                          , "text":"Load Operation (%L > %L, %L, %L, %L)"
                          , "links":
                          [
                            {
                              "filename":"/glob/development-tools/versions/oneapi/2023.1.2/oneapi/compiler/2023.1.0/linux/bin-llvm/../include/sycl/handler.hpp"
                              , "line":"1166"
                            }
                            , {
                              "filename":"/home/u89062/oneAPI-samples-ronghongbo/DirectProgramming/C++SYCL_FPGA/ReferenceDesigns/productive_libraries/blas/gemm/tiny-Mingzhe-auto-and-manual/manual-version-signalIJK/./gemm.tiny.h"
                              , "line":"444"
                            }
                            , {
                              "filename":"/home/u89062/oneAPI-samples-ronghongbo/DirectProgramming/C++SYCL_FPGA/ReferenceDesigns/productive_libraries/blas/gemm/tiny-Mingzhe-auto-and-manual/manual-version-signalIJK/./gemm.tiny.h"
                              , "line":"445"
                            }
                            , {
                              "filename":"/home/u89062/oneAPI-samples-ronghongbo/DirectProgramming/C++SYCL_FPGA/ReferenceDesigns/productive_libraries/blas/gemm/tiny-Mingzhe-auto-and-manual/manual-version-signalIJK/./gemm.tiny.h"
                              , "line":"446"
                            }
                            , {
                              "filename":"/home/u89062/oneAPI-samples-ronghongbo/DirectProgramming/C++SYCL_FPGA/ReferenceDesigns/productive_libraries/blas/gemm/tiny-Mingzhe-auto-and-manual/manual-version-signalIJK/./gemm.tiny.h"
                              , "line":"447"
                            }
                          ]
                        }
                        , {
                          "type":"text"
                          , "text":"Pipe Write Operation (%L > %L > %L)"
                          , "links":
                          [
                            {
                              "filename":"/glob/development-tools/versions/oneapi/2023.1.2/oneapi/compiler/2023.1.0/linux/bin-llvm/../include/sycl/handler.hpp"
                              , "line":"1166"
                            }
                            , {
                              "filename":"/home/u89062/oneAPI-samples-ronghongbo/DirectProgramming/C++SYCL_FPGA/ReferenceDesigns/productive_libraries/blas/gemm/tiny-Mingzhe-auto-and-manual/manual-version-signalIJK/./gemm.tiny.h"
                              , "line":"443"
                            }
                            , {
                              "filename":"/glob/development-tools/versions/oneapi/2023.1.2/oneapi/compiler/2023.1.0/linux/bin-llvm/../include/sycl/ext/intel/pipes.hpp"
                              , "line":"82"
                            }
                          ]
                        }
                      ]
                    }
                    , {
                      "type":"text"
                      , "text":"Maximum concurrent iterations: Capacity of loop"
                      , "details":
                      [
                        {
                          "type":"text"
                          , "text":"Use the %L viewer to estimate capacity"
                          , "links":
                          [
                            {
                              "view":"Fmax II Report"
                            }
                          ]
                        }
                      ]
                    }
                    , {
                      "type":"text"
                      , "text":"Average Trip count: 64 (exact)"
                    }
                    , {
                      "type":"text"
                      , "text":"See %L for more information"
                      , "links":
                      [
                        {
                          "guide":"Best Practices Guide : Loops in a Single Work-Item Kernel"
                          , "link":"file:////glob/development-tools/versions/oneapi/2023.1.2/oneapi/compiler/2023.1.0/linux/lib/oclfpga/aoc_help_pages/wfa1476380079940.html"
                        }
                      ]
                    }
                  ]
                  , "children":
                  [
                  ]
                }
              ]
            }
          ]
        }
      ]
    }
    , {
      "name":"Kernel: kernel_Out"
      , "data":
      ["", "", ""]
      , "debug":
      [
        [
          {
            "filename":"/home/u89062/oneAPI-samples-ronghongbo/DirectProgramming/C++SYCL_FPGA/ReferenceDesigns/productive_libraries/blas/gemm/tiny-Mingzhe-auto-and-manual/manual-version-signalIJK/./gemm.tiny.h"
            , "line":459
          }
        ]
      ]
      , "details":
      [
        {
          "type":"brief"
          , "text":"Single work-item execution"
        }
        , {
          "type":"text"
          , "text":"Single work-item execution"
        }
        , {
          "type":"text"
          , "text":"fMAX bottleneck block: None"
        }
        , {
          "type":"text"
          , "text":"See %L for more information"
          , "links":
          [
            {
              "guide":"Best Practices Guide : Kernels"
              , "link":"file:////glob/development-tools/versions/oneapi/2023.1.2/oneapi/compiler/2023.1.0/linux/lib/oclfpga/aoc_help_pages/ipp1476408832230.html"
            }
          ]
        }
      ]
      , "children":
      [
        {
          "name":"kernel_Out.B1"
          , "data":
          ["Yes", ">=2", "0"]
          , "debug":
          [
            [
              {
                "filename":"/home/u89062/oneAPI-samples-ronghongbo/DirectProgramming/C++SYCL_FPGA/ReferenceDesigns/productive_libraries/blas/gemm/tiny-Mingzhe-auto-and-manual/manual-version-signalIJK/./gemm.tiny.h"
                , "line":462
              }
            ]
          ]
          , "details":
          [
            {
              "type":"text"
              , "text":"Stallable instruction: n/a"
            }
            , {
              "type":"text"
              , "text":"Maximum concurrent iterations: Capacity of loop"
              , "details":
              [
                {
                  "type":"text"
                  , "text":"Use the %L viewer to estimate capacity"
                  , "links":
                  [
                    {
                      "view":"Fmax II Report"
                    }
                  ]
                }
              ]
            }
            , {
              "type":"text"
              , "text":"See %L for more information"
              , "links":
              [
                {
                  "guide":"Best Practices Guide : Nested Loops"
                  , "link":"file:////glob/development-tools/versions/oneapi/2023.1.2/oneapi/compiler/2023.1.0/linux/lib/oclfpga/aoc_help_pages/rfr1469543500580.html"
                }
              ]
            }
          ]
          , "children":
          [
            {
              "name":"kernel_Out.B2"
              , "data":
              ["Yes", ">=2", "0"]
              , "debug":
              [
                [
                  {
                    "filename":"/home/u89062/oneAPI-samples-ronghongbo/DirectProgramming/C++SYCL_FPGA/ReferenceDesigns/productive_libraries/blas/gemm/tiny-Mingzhe-auto-and-manual/manual-version-signalIJK/./gemm.tiny.h"
                    , "line":463
                  }
                ]
              ]
              , "details":
              [
                {
                  "type":"text"
                  , "text":"Stallable instruction: n/a"
                }
                , {
                  "type":"text"
                  , "text":"Maximum concurrent iterations: Capacity of loop"
                  , "details":
                  [
                    {
                      "type":"text"
                      , "text":"Use the %L viewer to estimate capacity"
                      , "links":
                      [
                        {
                          "view":"Fmax II Report"
                        }
                      ]
                    }
                  ]
                }
                , {
                  "type":"text"
                  , "text":"See %L for more information"
                  , "links":
                  [
                    {
                      "guide":"Best Practices Guide : Nested Loops"
                      , "link":"file:////glob/development-tools/versions/oneapi/2023.1.2/oneapi/compiler/2023.1.0/linux/lib/oclfpga/aoc_help_pages/rfr1469543500580.html"
                    }
                  ]
                }
              ]
              , "children":
              [
                {
                  "name":"kernel_Out.B5"
                  , "data":
                  ["Yes", "~1", "0"]
                  , "debug":
                  [
                    [
                      {
                        "filename":"/home/u89062/oneAPI-samples-ronghongbo/DirectProgramming/C++SYCL_FPGA/ReferenceDesigns/productive_libraries/blas/gemm/tiny-Mingzhe-auto-and-manual/manual-version-signalIJK/./gemm.tiny.h"
                        , "line":464
                      }
                    ]
                  ]
                  , "details":
                  [
                    {
                      "type":"text"
                      , "text":"II is an approximation due to the following stallable instructions:"
                      , "details":
                      [
                        {
                          "type":"text"
                          , "text":"Pipe Read Operation (%L > %L > %L)"
                          , "links":
                          [
                            {
                              "filename":"/glob/development-tools/versions/oneapi/2023.1.2/oneapi/compiler/2023.1.0/linux/bin-llvm/../include/sycl/handler.hpp"
                              , "line":"1166"
                            }
                            , {
                              "filename":"/home/u89062/oneAPI-samples-ronghongbo/DirectProgramming/C++SYCL_FPGA/ReferenceDesigns/productive_libraries/blas/gemm/tiny-Mingzhe-auto-and-manual/manual-version-signalIJK/./gemm.tiny.h"
                              , "line":"465"
                            }
                            , {
                              "filename":"/glob/development-tools/versions/oneapi/2023.1.2/oneapi/compiler/2023.1.0/linux/bin-llvm/../include/sycl/ext/intel/pipes.hpp"
                              , "line":"67"
                            }
                          ]
                        }
                        , {
                          "type":"text"
                          , "text":"Pipe Read Operation (%L > %L > %L)"
                          , "links":
                          [
                            {
                              "filename":"/glob/development-tools/versions/oneapi/2023.1.2/oneapi/compiler/2023.1.0/linux/bin-llvm/../include/sycl/handler.hpp"
                              , "line":"1166"
                            }
                            , {
                              "filename":"/home/u89062/oneAPI-samples-ronghongbo/DirectProgramming/C++SYCL_FPGA/ReferenceDesigns/productive_libraries/blas/gemm/tiny-Mingzhe-auto-and-manual/manual-version-signalIJK/./gemm.tiny.h"
                              , "line":"465"
                            }
                            , {
                              "filename":"/glob/development-tools/versions/oneapi/2023.1.2/oneapi/compiler/2023.1.0/linux/bin-llvm/../include/sycl/ext/intel/pipes.hpp"
                              , "line":"67"
                            }
                          ]
                        }
                        , {
                          "type":"text"
                          , "text":"Pipe Write Operation (%L > %L > %L)"
                          , "links":
                          [
                            {
                              "filename":"/glob/development-tools/versions/oneapi/2023.1.2/oneapi/compiler/2023.1.0/linux/bin-llvm/../include/sycl/handler.hpp"
                              , "line":"1166"
                            }
                            , {
                              "filename":"/home/u89062/oneAPI-samples-ronghongbo/DirectProgramming/C++SYCL_FPGA/ReferenceDesigns/productive_libraries/blas/gemm/tiny-Mingzhe-auto-and-manual/manual-version-signalIJK/./gemm.tiny.h"
                              , "line":"466"
                            }
                            , {
                              "filename":"/glob/development-tools/versions/oneapi/2023.1.2/oneapi/compiler/2023.1.0/linux/bin-llvm/../include/sycl/ext/intel/pipes.hpp"
                              , "line":"82"
                            }
                          ]
                        }
                      ]
                    }
                    , {
                      "type":"text"
                      , "text":"Maximum concurrent iterations: Capacity of loop"
                      , "details":
                      [
                        {
                          "type":"text"
                          , "text":"Use the %L viewer to estimate capacity"
                          , "links":
                          [
                            {
                              "view":"Fmax II Report"
                            }
                          ]
                        }
                      ]
                    }
                    , {
                      "type":"text"
                      , "text":"Average Trip count: 64 (exact)"
                    }
                    , {
                      "type":"text"
                      , "text":"See %L for more information"
                      , "links":
                      [
                        {
                          "guide":"Best Practices Guide : Loops in a Single Work-Item Kernel"
                          , "link":"file:////glob/development-tools/versions/oneapi/2023.1.2/oneapi/compiler/2023.1.0/linux/lib/oclfpga/aoc_help_pages/wfa1476380079940.html"
                        }
                      ]
                    }
                  ]
                  , "children":
                  [
                  ]
                }
              ]
            }
          ]
        }
      ]
    }
    , {
      "name":"Kernel: kernel_unloader"
      , "data":
      ["", "", ""]
      , "debug":
      [
        [
          {
            "filename":"/home/u89062/oneAPI-samples-ronghongbo/DirectProgramming/C++SYCL_FPGA/ReferenceDesigns/productive_libraries/blas/gemm/tiny-Mingzhe-auto-and-manual/manual-version-signalIJK/./gemm.tiny.h"
            , "line":477
          }
        ]
      ]
      , "details":
      [
        {
          "type":"brief"
          , "text":"Single work-item execution"
        }
        , {
          "type":"text"
          , "text":"Single work-item execution"
        }
        , {
          "type":"text"
          , "text":"fMAX bottleneck block: None"
        }
        , {
          "type":"text"
          , "text":"See %L for more information"
          , "links":
          [
            {
              "guide":"Best Practices Guide : Kernels"
              , "link":"file:////glob/development-tools/versions/oneapi/2023.1.2/oneapi/compiler/2023.1.0/linux/lib/oclfpga/aoc_help_pages/ipp1476408832230.html"
            }
          ]
        }
      ]
      , "children":
      [
        {
          "name":"kernel_unloader.B1"
          , "data":
          ["Yes", ">=2", "0"]
          , "debug":
          [
            [
              {
                "filename":"/home/u89062/oneAPI-samples-ronghongbo/DirectProgramming/C++SYCL_FPGA/ReferenceDesigns/productive_libraries/blas/gemm/tiny-Mingzhe-auto-and-manual/manual-version-signalIJK/./gemm.tiny.h"
                , "line":481
              }
            ]
          ]
          , "details":
          [
            {
              "type":"text"
              , "text":"Stallable instruction: n/a"
            }
            , {
              "type":"text"
              , "text":"Maximum concurrent iterations: Capacity of loop"
              , "details":
              [
                {
                  "type":"text"
                  , "text":"Use the %L viewer to estimate capacity"
                  , "links":
                  [
                    {
                      "view":"Fmax II Report"
                    }
                  ]
                }
              ]
            }
            , {
              "type":"text"
              , "text":"See %L for more information"
              , "links":
              [
                {
                  "guide":"Best Practices Guide : Nested Loops"
                  , "link":"file:////glob/development-tools/versions/oneapi/2023.1.2/oneapi/compiler/2023.1.0/linux/lib/oclfpga/aoc_help_pages/rfr1469543500580.html"
                }
              ]
            }
          ]
          , "children":
          [
            {
              "name":"kernel_unloader.B2"
              , "data":
              ["Yes", ">=2", "0"]
              , "debug":
              [
                [
                  {
                    "filename":"/home/u89062/oneAPI-samples-ronghongbo/DirectProgramming/C++SYCL_FPGA/ReferenceDesigns/productive_libraries/blas/gemm/tiny-Mingzhe-auto-and-manual/manual-version-signalIJK/./gemm.tiny.h"
                    , "line":482
                  }
                ]
              ]
              , "details":
              [
                {
                  "type":"text"
                  , "text":"Stallable instruction: n/a"
                }
                , {
                  "type":"text"
                  , "text":"Maximum concurrent iterations: Capacity of loop"
                  , "details":
                  [
                    {
                      "type":"text"
                      , "text":"Use the %L viewer to estimate capacity"
                      , "links":
                      [
                        {
                          "view":"Fmax II Report"
                        }
                      ]
                    }
                  ]
                }
                , {
                  "type":"text"
                  , "text":"See %L for more information"
                  , "links":
                  [
                    {
                      "guide":"Best Practices Guide : Nested Loops"
                      , "link":"file:////glob/development-tools/versions/oneapi/2023.1.2/oneapi/compiler/2023.1.0/linux/lib/oclfpga/aoc_help_pages/rfr1469543500580.html"
                    }
                  ]
                }
              ]
              , "children":
              [
                {
                  "name":"kernel_unloader.B5"
                  , "data":
                  ["Yes", "~1", "0"]
                  , "debug":
                  [
                    [
                      {
                        "filename":"/home/u89062/oneAPI-samples-ronghongbo/DirectProgramming/C++SYCL_FPGA/ReferenceDesigns/productive_libraries/blas/gemm/tiny-Mingzhe-auto-and-manual/manual-version-signalIJK/./gemm.tiny.h"
                        , "line":483
                      }
                    ]
                  ]
                  , "details":
                  [
                    {
                      "type":"text"
                      , "text":"II is an approximation due to the following stallable instructions:"
                      , "details":
                      [
                        {
                          "type":"text"
                          , "text":"Pipe Read Operation (%L > %L > %L)"
                          , "links":
                          [
                            {
                              "filename":"/glob/development-tools/versions/oneapi/2023.1.2/oneapi/compiler/2023.1.0/linux/bin-llvm/../include/sycl/handler.hpp"
                              , "line":"1166"
                            }
                            , {
                              "filename":"/home/u89062/oneAPI-samples-ronghongbo/DirectProgramming/C++SYCL_FPGA/ReferenceDesigns/productive_libraries/blas/gemm/tiny-Mingzhe-auto-and-manual/manual-version-signalIJK/./gemm.tiny.h"
                              , "line":"484"
                            }
                            , {
                              "filename":"/glob/development-tools/versions/oneapi/2023.1.2/oneapi/compiler/2023.1.0/linux/bin-llvm/../include/sycl/ext/intel/pipes.hpp"
                              , "line":"67"
                            }
                          ]
                        }
                        , {
                          "type":"text"
                          , "text":"Store Operation (%L > %L, %L, %L, %L)"
                          , "links":
                          [
                            {
                              "filename":"/glob/development-tools/versions/oneapi/2023.1.2/oneapi/compiler/2023.1.0/linux/bin-llvm/../include/sycl/handler.hpp"
                              , "line":"1166"
                            }
                            , {
                              "filename":"/home/u89062/oneAPI-samples-ronghongbo/DirectProgramming/C++SYCL_FPGA/ReferenceDesigns/productive_libraries/blas/gemm/tiny-Mingzhe-auto-and-manual/manual-version-signalIJK/./gemm.tiny.h"
                              , "line":"485"
                            }
                            , {
                              "filename":"/home/u89062/oneAPI-samples-ronghongbo/DirectProgramming/C++SYCL_FPGA/ReferenceDesigns/productive_libraries/blas/gemm/tiny-Mingzhe-auto-and-manual/manual-version-signalIJK/./gemm.tiny.h"
                              , "line":"486"
                            }
                            , {
                              "filename":"/home/u89062/oneAPI-samples-ronghongbo/DirectProgramming/C++SYCL_FPGA/ReferenceDesigns/productive_libraries/blas/gemm/tiny-Mingzhe-auto-and-manual/manual-version-signalIJK/./gemm.tiny.h"
                              , "line":"487"
                            }
                            , {
                              "filename":"/home/u89062/oneAPI-samples-ronghongbo/DirectProgramming/C++SYCL_FPGA/ReferenceDesigns/productive_libraries/blas/gemm/tiny-Mingzhe-auto-and-manual/manual-version-signalIJK/./gemm.tiny.h"
                              , "line":"488"
                            }
                          ]
                        }
                      ]
                    }
                    , {
                      "type":"text"
                      , "text":"Maximum concurrent iterations: Capacity of loop"
                      , "details":
                      [
                        {
                          "type":"text"
                          , "text":"Use the %L viewer to estimate capacity"
                          , "links":
                          [
                            {
                              "view":"Fmax II Report"
                            }
                          ]
                        }
                      ]
                    }
                    , {
                      "type":"text"
                      , "text":"Average Trip count: 64 (exact)"
                    }
                    , {
                      "type":"text"
                      , "text":"See %L for more information"
                      , "links":
                      [
                        {
                          "guide":"Best Practices Guide : Loops in a Single Work-Item Kernel"
                          , "link":"file:////glob/development-tools/versions/oneapi/2023.1.2/oneapi/compiler/2023.1.0/linux/lib/oclfpga/aoc_help_pages/wfa1476380079940.html"
                        }
                      ]
                    }
                  ]
                  , "children":
                  [
                  ]
                }
              ]
            }
          ]
        }
      ]
    }
  ]
}
