{
  "nodes":
  [
    {
      "name":"kernel_aLoader"
      , "id":1
      , "type":"kernel"
      , "children":
      [
        {
          "name":"kernel_aLoader.B0"
          , "id":10
          , "type":"bb"
        }
        , {
          "name":"kernel_aLoader.B1"
          , "id":11
          , "type":"bb"
          , "children":
          [
            {
              "name":"Cluster 0"
              , "id":87
              , "type":"cluster"
            }
          ]
        }
        , {
          "name":"kernel_aLoader.B2"
          , "id":12
          , "type":"bb"
          , "children":
          [
            {
              "name":"Cluster 1"
              , "id":95
              , "type":"cluster"
            }
          ]
        }
        , {
          "name":"kernel_aLoader.B3"
          , "id":13
          , "type":"bb"
        }
        , {
          "name":"kernel_aLoader.B4"
          , "id":14
          , "type":"bb"
          , "children":
          [
            {
              "name":"Cluster 2"
              , "id":120
              , "type":"cluster"
            }
          ]
        }
        , {
          "name":"kernel_aLoader.B5"
          , "id":15
          , "type":"bb"
        }
        , {
          "name":"kernel_aLoader.B6"
          , "id":16
          , "type":"bb"
        }
        , {
          "name":"kernel_aLoader.B7"
          , "id":17
          , "type":"bb"
          , "children":
          [
            {
              "name":"Cluster 3"
              , "id":166
              , "type":"cluster"
            }
          ]
        }
        , {
          "name":"kernel_aLoader.B8"
          , "id":18
          , "type":"bb"
        }
      ]
    }
    , {
      "name":"kernel_aFeeder"
      , "id":2
      , "type":"kernel"
      , "children":
      [
        {
          "name":"kernel_aFeeder.B0"
          , "id":19
          , "type":"bb"
        }
        , {
          "name":"kernel_aFeeder.B1"
          , "id":20
          , "type":"bb"
          , "children":
          [
            {
              "name":"Cluster 4"
              , "id":178
              , "type":"cluster"
            }
            , {
              "name":"Cluster 5"
              , "id":180
              , "type":"cluster"
            }
          ]
        }
      ]
    }
    , {
      "name":"kernel_bLoader"
      , "id":3
      , "type":"kernel"
      , "children":
      [
        {
          "name":"kernel_bLoader.B0"
          , "id":21
          , "type":"bb"
        }
        , {
          "name":"kernel_bLoader.B1"
          , "id":22
          , "type":"bb"
          , "children":
          [
            {
              "name":"Cluster 6"
              , "id":205
              , "type":"cluster"
            }
          ]
        }
        , {
          "name":"kernel_bLoader.B2"
          , "id":23
          , "type":"bb"
          , "children":
          [
            {
              "name":"Cluster 7"
              , "id":212
              , "type":"cluster"
            }
          ]
        }
        , {
          "name":"kernel_bLoader.B3"
          , "id":24
          , "type":"bb"
        }
        , {
          "name":"kernel_bLoader.B4"
          , "id":25
          , "type":"bb"
          , "children":
          [
            {
              "name":"Cluster 8"
              , "id":235
              , "type":"cluster"
            }
          ]
        }
        , {
          "name":"kernel_bLoader.B5"
          , "id":26
          , "type":"bb"
        }
        , {
          "name":"kernel_bLoader.B6"
          , "id":27
          , "type":"bb"
        }
        , {
          "name":"kernel_bLoader.B7"
          , "id":28
          , "type":"bb"
          , "children":
          [
            {
              "name":"Cluster 9"
              , "id":278
              , "type":"cluster"
            }
          ]
        }
        , {
          "name":"kernel_bLoader.B8"
          , "id":29
          , "type":"bb"
        }
      ]
    }
    , {
      "name":"kernel_bFeeder"
      , "id":4
      , "type":"kernel"
      , "children":
      [
        {
          "name":"kernel_bFeeder.B0"
          , "id":30
          , "type":"bb"
        }
        , {
          "name":"kernel_bFeeder.B1"
          , "id":31
          , "type":"bb"
          , "children":
          [
            {
              "name":"Cluster 10"
              , "id":290
              , "type":"cluster"
            }
            , {
              "name":"Cluster 11"
              , "id":292
              , "type":"cluster"
            }
          ]
        }
      ]
    }
    , {
      "name":"kernel_SignalGenerator"
      , "id":5
      , "type":"kernel"
      , "children":
      [
        {
          "name":"kernel_SignalGenerator.B0"
          , "id":32
          , "type":"bb"
        }
        , {
          "name":"kernel_SignalGenerator.B1"
          , "id":33
          , "type":"bb"
          , "children":
          [
            {
              "name":"Cluster 12"
              , "id":328
              , "type":"cluster"
            }
          ]
        }
        , {
          "name":"kernel_SignalGenerator.B2"
          , "id":34
          , "type":"bb"
          , "children":
          [
            {
              "name":"Cluster 13"
              , "id":332
              , "type":"cluster"
            }
          ]
        }
        , {
          "name":"kernel_SignalGenerator.B3"
          , "id":35
          , "type":"bb"
        }
        , {
          "name":"kernel_SignalGenerator.B4"
          , "id":36
          , "type":"bb"
        }
        , {
          "name":"kernel_SignalGenerator.B5"
          , "id":37
          , "type":"bb"
          , "children":
          [
            {
              "name":"Cluster 14"
              , "id":342
              , "type":"cluster"
            }
          ]
        }
        , {
          "name":"kernel_SignalGenerator.B6"
          , "id":38
          , "type":"bb"
        }
      ]
    }
    , {
      "name":"kernel_Product"
      , "id":6
      , "type":"kernel"
      , "children":
      [
        {
          "name":"kernel_Product.B0"
          , "id":39
          , "type":"bb"
        }
        , {
          "name":"kernel_Product.B1"
          , "id":40
          , "type":"bb"
        }
        , {
          "name":"kernel_Product.B2"
          , "id":41
          , "type":"bb"
          , "children":
          [
            {
              "name":"Cluster 15"
              , "id":348
              , "type":"cluster"
            }
            , {
              "name":"Cluster 16"
              , "id":350
              , "type":"cluster"
            }
          ]
        }
        , {
          "name":"kernel_Product.B3"
          , "id":42
          , "type":"bb"
          , "children":
          [
            {
              "name":"Cluster 17"
              , "id":355
              , "type":"cluster"
            }
            , {
              "name":"Cluster 18"
              , "id":358
              , "type":"cluster"
            }
          ]
        }
      ]
    }
    , {
      "name":"kernel_cLoader"
      , "id":7
      , "type":"kernel"
      , "children":
      [
        {
          "name":"kernel_cLoader.B0"
          , "id":43
          , "type":"bb"
          , "children":
          [
            {
              "name":"Cluster 19"
              , "id":361
              , "type":"cluster"
            }
          ]
        }
        , {
          "name":"kernel_cLoader.B1"
          , "id":44
          , "type":"bb"
          , "children":
          [
            {
              "name":"Cluster 20"
              , "id":363
              , "type":"cluster"
            }
          ]
        }
        , {
          "name":"kernel_cLoader.B2"
          , "id":45
          , "type":"bb"
          , "children":
          [
            {
              "name":"Cluster 21"
              , "id":369
              , "type":"cluster"
            }
          ]
        }
        , {
          "name":"kernel_cLoader.B3"
          , "id":46
          , "type":"bb"
        }
        , {
          "name":"kernel_cLoader.B4"
          , "id":47
          , "type":"bb"
        }
        , {
          "name":"kernel_cLoader.B5"
          , "id":48
          , "type":"bb"
          , "children":
          [
            {
              "name":"Cluster 22"
              , "id":382
              , "type":"cluster"
            }
          ]
        }
        , {
          "name":"kernel_cLoader.B6"
          , "id":49
          , "type":"bb"
        }
      ]
    }
    , {
      "name":"kernel_Out"
      , "id":8
      , "type":"kernel"
      , "children":
      [
        {
          "name":"kernel_Out.B0"
          , "id":50
          , "type":"bb"
          , "children":
          [
            {
              "name":"Cluster 23"
              , "id":387
              , "type":"cluster"
            }
          ]
        }
        , {
          "name":"kernel_Out.B1"
          , "id":51
          , "type":"bb"
          , "children":
          [
            {
              "name":"Cluster 24"
              , "id":389
              , "type":"cluster"
            }
          ]
        }
        , {
          "name":"kernel_Out.B2"
          , "id":52
          , "type":"bb"
          , "children":
          [
            {
              "name":"Cluster 25"
              , "id":392
              , "type":"cluster"
            }
          ]
        }
        , {
          "name":"kernel_Out.B3"
          , "id":53
          , "type":"bb"
        }
        , {
          "name":"kernel_Out.B4"
          , "id":54
          , "type":"bb"
        }
        , {
          "name":"kernel_Out.B5"
          , "id":55
          , "type":"bb"
          , "children":
          [
            {
              "name":"Cluster 26"
              , "id":400
              , "type":"cluster"
            }
            , {
              "name":"Cluster 27"
              , "id":403
              , "type":"cluster"
            }
          ]
        }
        , {
          "name":"kernel_Out.B6"
          , "id":56
          , "type":"bb"
        }
      ]
    }
    , {
      "name":"kernel_unloader"
      , "id":9
      , "type":"kernel"
      , "children":
      [
        {
          "name":"kernel_unloader.B0"
          , "id":57
          , "type":"bb"
        }
        , {
          "name":"kernel_unloader.B1"
          , "id":58
          , "type":"bb"
          , "children":
          [
            {
              "name":"Cluster 28"
              , "id":420
              , "type":"cluster"
            }
          ]
        }
        , {
          "name":"kernel_unloader.B2"
          , "id":59
          , "type":"bb"
          , "children":
          [
            {
              "name":"Cluster 29"
              , "id":426
              , "type":"cluster"
            }
          ]
        }
        , {
          "name":"kernel_unloader.B3"
          , "id":60
          , "type":"bb"
        }
        , {
          "name":"kernel_unloader.B4"
          , "id":61
          , "type":"bb"
        }
        , {
          "name":"kernel_unloader.B5"
          , "id":62
          , "type":"bb"
          , "children":
          [
            {
              "name":"Cluster 30"
              , "id":439
              , "type":"cluster"
            }
            , {
              "name":"Cluster 31"
              , "id":441
              , "type":"cluster"
            }
          ]
        }
        , {
          "name":"kernel_unloader.B6"
          , "id":63
          , "type":"bb"
        }
      ]
    }
  ]
  , "links":
  [
  ]
}
