{
  "nodes":
  [
    {
      "name":"DDR"
      , "id":2933
      , "details":
      [
        {
          "type":"table"
          , "Interleaving":"Yes"
          , "Interleave Size":"1024 bytes"
          , "Channels":"2 channels"
          , "Maximum bandwidth the BSP can deliver":"34133.00 MB/s<br><small><i> Note: Realistic maximum bandwidth is about 90% of the above due to loss from interconnect and memory controller.</i></small>"
          , "Channel DDR Width (bits)":"512, 512"
        }
      ]
      , "type":"memsys"
      , "children":
      [
        {
          "name":"channel 0"
          , "id":2935
          , "details":
          [
            {
              "type":"table"
              , "Data Width":"512"
              , "Address Width":"32"
              , "Latency":"240"
              , "ReadWrite Mode":"Read/Write"
              , "Maximum Burst":"16"
              , "Wait Request":"0"
              , "Start Address":"0x0"
            }
          ]
          , "type":"bb"
        }
        , {
          "name":"channel 1"
          , "id":2936
          , "details":
          [
            {
              "type":"table"
              , "Data Width":"512"
              , "Address Width":"32"
              , "Latency":"240"
              , "ReadWrite Mode":"Read/Write"
              , "Maximum Burst":"16"
              , "Wait Request":"0"
              , "Start Address":"0x100000000"
            }
          ]
          , "type":"bb"
        }
      ]
    }
    , {
      "name":"Memory Controller"
      , "id":2934
      , "parent":"2933"
      , "bw":"34133.00"
      , "num_channels":"2"
      , "interleave":"1"
      , "details":
      [
        {
          "type":"table"
          , "Maximum bandwidth the BSP can deliver":"34133.00 MB/s<br><small><i> Note: Realistic maximum bandwidth is about 90% of the above due to loss from interconnect and memory controller.</i></small>"
        }
      ]
      , "type":"bb"
    }
    , {
      "name":"Global Memory Interconnect"
      , "id":2937
      , "parent":"2933"
      , "type":"bb"
      , "children":
      [
        {
          "name":"SHARE"
          , "id":2938
          , "type":"arb"
        }
        , {
          "name":"Write Interconnect"
          , "id":2941
          , "details":
          [
            {
              "type":"table"
              , "Name":"DDR"
              , "Interconnect Style":"tree"
              , "Writes":"1"
              , "User specified force-single-store-ring flag":"False"
              , "Store Rings":"2"
            }
          ]
          , "type":"bb"
        }
        , {
          "name":"Read Interconnect"
          , "id":2939
          , "details":
          [
            {
              "type":"table"
              , "Name":"DDR"
              , "Interconnect Style":"tree"
              , "Reads":"3"
            }
          ]
          , "type":"bb"
        }
        , {
          "name":"Read Interconnect Router"
          , "id":2940
          , "details":
          [
            {
              "type":"table"
              , "User specified num-reorder flag":"Unset"
            }
          ]
          , "type":"memsys"
          , "children":
          [
            {
              "name":"Bus 0"
              , "id":2948
              , "type":"memsys"
            }
            , {
              "name":"Bus 1"
              , "id":2949
              , "type":"memsys"
            }
          ]
        }
      ]
    }
    , {
      "name":"Global Memory Loads"
      , "id":2942
      , "parent":"2933"
      , "type":"bb"
      , "children":
      [
        {
          "name":"LD"
          , "id":2943
          , "kwidth":"128"
          , "mwidth":"512"
          , "details":
          [
            {
              "type":"table"
              , "Start Cycle":"101"
              , "Latency":"156 cycles"
              , "Width":"128 bits"
              , "DDR Width":"512 bits"
              , "Uses Caching":"No"
              , "LSU Style":"BURST-COALESCED"
              , "Kernel":"kernel_aLoader"
            }
          ]
          , "debug":
          [
            [
              {
                "filename":"/home/u89062/oneAPI-samples-ronghongbo/DirectProgramming/C++SYCL_FPGA/ReferenceDesigns/productive_libraries/blas/gemm/tiny-Mingzhe-auto-and-manual/manual-version-signalJ/./gemm.tiny.h"
                , "line":160
              }
            ]
          ]
          , "type":"inst"
        }
        , {
          "name":"LD"
          , "id":2944
          , "kwidth":"128"
          , "mwidth":"512"
          , "details":
          [
            {
              "type":"table"
              , "Start Cycle":"133"
              , "Latency":"156 cycles"
              , "Width":"128 bits"
              , "DDR Width":"512 bits"
              , "Uses Caching":"No"
              , "LSU Style":"BURST-COALESCED"
              , "Kernel":"kernel_bLoader"
            }
          ]
          , "debug":
          [
            [
              {
                "filename":"/home/u89062/oneAPI-samples-ronghongbo/DirectProgramming/C++SYCL_FPGA/ReferenceDesigns/productive_libraries/blas/gemm/tiny-Mingzhe-auto-and-manual/manual-version-signalJ/./gemm.tiny.h"
                , "line":241
              }
            ]
          ]
          , "type":"inst"
        }
        , {
          "name":"LD"
          , "id":2945
          , "kwidth":"128"
          , "mwidth":"512"
          , "details":
          [
            {
              "type":"table"
              , "Start Cycle":"5"
              , "Latency":"156 cycles"
              , "Width":"128 bits"
              , "DDR Width":"512 bits"
              , "Uses Caching":"No"
              , "LSU Style":"BURST-COALESCED"
              , "Kernel":"kernel_cLoader"
            }
          ]
          , "debug":
          [
            [
              {
                "filename":"/home/u89062/oneAPI-samples-ronghongbo/DirectProgramming/C++SYCL_FPGA/ReferenceDesigns/productive_libraries/blas/gemm/tiny-Mingzhe-auto-and-manual/manual-version-signalJ/./gemm.tiny.h"
                , "line":441
              }
            ]
          ]
          , "type":"inst"
        }
      ]
    }
    , {
      "name":"Global Memory Stores"
      , "id":2946
      , "parent":"2933"
      , "type":"bb"
      , "children":
      [
        {
          "name":"ST"
          , "id":2947
          , "kwidth":"128"
          , "mwidth":"512"
          , "details":
          [
            {
              "type":"table"
              , "Start Cycle":"9"
              , "Latency":"2 cycles"
              , "Width":"128 bits"
              , "DDR Width":"512 bits"
              , "Uses Write Ack":"No"
              , "LSU Style":"BURST-COALESCED"
              , "Kernel":"kernel_unloader"
            }
          ]
          , "debug":
          [
            [
              {
                "filename":"/home/u89062/oneAPI-samples-ronghongbo/DirectProgramming/C++SYCL_FPGA/ReferenceDesigns/productive_libraries/blas/gemm/tiny-Mingzhe-auto-and-manual/manual-version-signalJ/./gemm.tiny.h"
                , "line":482
              }
            ]
          ]
          , "type":"inst"
        }
      ]
    }
  ]
  , "links":
  [
    {
      "from":2935
      , "to":2934
    }
    , {
      "from":2934
      , "to":2935
    }
    , {
      "from":2936
      , "to":2934
    }
    , {
      "from":2934
      , "to":2936
    }
    , {
      "from":2939
      , "to":2938
    }
    , {
      "from":2941
      , "to":2938
    }
    , {
      "from":2938
      , "to":2934
    }
    , {
      "from":2943
      , "to":2939
    }
    , {
      "from":2944
      , "to":2939
    }
    , {
      "from":2945
      , "to":2939
    }
    , {
      "from":2947
      , "to":2941
    }
    , {
      "from":2934
      , "to":2948
    }
    , {
      "from":2934
      , "to":2949
    }
    , {
      "from":2948
      , "to":2943
      , "reverse":1
    }
    , {
      "from":2949
      , "to":2944
      , "reverse":1
    }
    , {
      "from":2948
      , "to":2945
      , "reverse":1
    }
  ]
}
