{
  "nodes":
  [
    {
      "type":"kernel"
      , "id":24
      , "name":"kernel_aFeeder"
      , "children":
      [
        {
          "type":"inst"
          , "id":28
          , "name":"Store"
          , "debug":
          [
            [
              {
                "filename":"/home/u89062/oneAPI-samples-ronghongbo/DirectProgramming/C++SYCL_FPGA/ReferenceDesigns/productive_libraries/blas/gemm/tiny-Mingzhe-auto-and-manual/manual-version-signalJ/./gemm.tiny.h"
                , "line":209
              }
            ]
          ]
          , "details":
          [
            {
              "type":"table"
              , "Width":"128 bits"
              , "Type":"Pipelined never-stall"
              , "Stall-free":"Yes"
              , "Stores to":"DB"
              , "Start Cycle":"9"
              , "Latency":"1"
              , "Reference":
              [
                {
                  "type":"text"
                  , "text":"See %L for more information"
                  , "links":
                  [
                    {
                      "guide":"Best Practices Guide : Load-Store Units"
                      , "link":"file:////glob/development-tools/versions/oneapi/2023.1.2/oneapi/compiler/2023.1.0/linux/lib/oclfpga/aoc_help_pages/yeo1491314105959.html"
                    }
                  ]
                }
              ]
            }
          ]
        }
        , {
          "type":"inst"
          , "id":29
          , "name":"Load"
          , "debug":
          [
            [
              {
                "filename":"/home/u89062/oneAPI-samples-ronghongbo/DirectProgramming/C++SYCL_FPGA/ReferenceDesigns/productive_libraries/blas/gemm/tiny-Mingzhe-auto-and-manual/manual-version-signalJ/./gemm.tiny.h"
                , "line":212
              }
            ]
          ]
          , "details":
          [
            {
              "type":"table"
              , "Width":"128 bits"
              , "Type":"Pipelined never-stall"
              , "Stall-free":"Yes"
              , "Loads from":"DB"
              , "Start Cycle":"10"
              , "Latency":"3"
              , "Reference":
              [
                {
                  "type":"text"
                  , "text":"See %L for more information"
                  , "links":
                  [
                    {
                      "guide":"Best Practices Guide : Load-Store Units"
                      , "link":"file:////glob/development-tools/versions/oneapi/2023.1.2/oneapi/compiler/2023.1.0/linux/lib/oclfpga/aoc_help_pages/yeo1491314105959.html"
                    }
                  ]
                }
              ]
            }
          ]
        }
        , {
          "type":"inst"
          , "id":30
          , "name":"Store"
          , "debug":
          [
            [
              {
                "filename":"/home/u89062/oneAPI-samples-ronghongbo/DirectProgramming/C++SYCL_FPGA/ReferenceDesigns/productive_libraries/blas/gemm/tiny-Mingzhe-auto-and-manual/manual-version-signalJ/./gemm.tiny.h"
                , "line":209
              }
            ]
          ]
          , "details":
          [
            {
              "type":"table"
              , "Width":"128 bits"
              , "Type":"Pipelined never-stall"
              , "Stall-free":"Yes"
              , "Stores to":"DB"
              , "Start Cycle":"11"
              , "Latency":"1"
              , "Reference":
              [
                {
                  "type":"text"
                  , "text":"See %L for more information"
                  , "links":
                  [
                    {
                      "guide":"Best Practices Guide : Load-Store Units"
                      , "link":"file:////glob/development-tools/versions/oneapi/2023.1.2/oneapi/compiler/2023.1.0/linux/lib/oclfpga/aoc_help_pages/yeo1491314105959.html"
                    }
                  ]
                }
              ]
            }
          ]
        }
        , {
          "type":"inst"
          , "id":31
          , "name":"Load"
          , "debug":
          [
            [
              {
                "filename":"/home/u89062/oneAPI-samples-ronghongbo/DirectProgramming/C++SYCL_FPGA/ReferenceDesigns/productive_libraries/blas/gemm/tiny-Mingzhe-auto-and-manual/manual-version-signalJ/./gemm.tiny.h"
                , "line":212
              }
            ]
          ]
          , "details":
          [
            {
              "type":"table"
              , "Width":"128 bits"
              , "Type":"Pipelined never-stall"
              , "Stall-free":"Yes"
              , "Loads from":"DB"
              , "Start Cycle":"12"
              , "Latency":"3"
              , "Reference":
              [
                {
                  "type":"text"
                  , "text":"See %L for more information"
                  , "links":
                  [
                    {
                      "guide":"Best Practices Guide : Load-Store Units"
                      , "link":"file:////glob/development-tools/versions/oneapi/2023.1.2/oneapi/compiler/2023.1.0/linux/lib/oclfpga/aoc_help_pages/yeo1491314105959.html"
                    }
                  ]
                }
              ]
            }
          ]
        }
        , {
          "type":"inst"
          , "id":32
          , "name":"Store"
          , "debug":
          [
            [
              {
                "filename":"/home/u89062/oneAPI-samples-ronghongbo/DirectProgramming/C++SYCL_FPGA/ReferenceDesigns/productive_libraries/blas/gemm/tiny-Mingzhe-auto-and-manual/manual-version-signalJ/./gemm.tiny.h"
                , "line":209
              }
            ]
          ]
          , "details":
          [
            {
              "type":"table"
              , "Width":"128 bits"
              , "Type":"Pipelined never-stall"
              , "Stall-free":"Yes"
              , "Stores to":"DB"
              , "Start Cycle":"13"
              , "Latency":"1"
              , "Reference":
              [
                {
                  "type":"text"
                  , "text":"See %L for more information"
                  , "links":
                  [
                    {
                      "guide":"Best Practices Guide : Load-Store Units"
                      , "link":"file:////glob/development-tools/versions/oneapi/2023.1.2/oneapi/compiler/2023.1.0/linux/lib/oclfpga/aoc_help_pages/yeo1491314105959.html"
                    }
                  ]
                }
              ]
            }
          ]
        }
        , {
          "type":"inst"
          , "id":33
          , "name":"Load"
          , "debug":
          [
            [
              {
                "filename":"/home/u89062/oneAPI-samples-ronghongbo/DirectProgramming/C++SYCL_FPGA/ReferenceDesigns/productive_libraries/blas/gemm/tiny-Mingzhe-auto-and-manual/manual-version-signalJ/./gemm.tiny.h"
                , "line":212
              }
            ]
          ]
          , "details":
          [
            {
              "type":"table"
              , "Width":"128 bits"
              , "Type":"Pipelined never-stall"
              , "Stall-free":"Yes"
              , "Loads from":"DB"
              , "Start Cycle":"14"
              , "Latency":"3"
              , "Reference":
              [
                {
                  "type":"text"
                  , "text":"See %L for more information"
                  , "links":
                  [
                    {
                      "guide":"Best Practices Guide : Load-Store Units"
                      , "link":"file:////glob/development-tools/versions/oneapi/2023.1.2/oneapi/compiler/2023.1.0/linux/lib/oclfpga/aoc_help_pages/yeo1491314105959.html"
                    }
                  ]
                }
              ]
            }
          ]
        }
        , {
          "type":"inst"
          , "id":34
          , "name":"Store"
          , "debug":
          [
            [
              {
                "filename":"/home/u89062/oneAPI-samples-ronghongbo/DirectProgramming/C++SYCL_FPGA/ReferenceDesigns/productive_libraries/blas/gemm/tiny-Mingzhe-auto-and-manual/manual-version-signalJ/./gemm.tiny.h"
                , "line":209
              }
            ]
          ]
          , "details":
          [
            {
              "type":"table"
              , "Width":"128 bits"
              , "Type":"Pipelined never-stall"
              , "Stall-free":"Yes"
              , "Stores to":"DB"
              , "Start Cycle":"15"
              , "Latency":"1"
              , "Reference":
              [
                {
                  "type":"text"
                  , "text":"See %L for more information"
                  , "links":
                  [
                    {
                      "guide":"Best Practices Guide : Load-Store Units"
                      , "link":"file:////glob/development-tools/versions/oneapi/2023.1.2/oneapi/compiler/2023.1.0/linux/lib/oclfpga/aoc_help_pages/yeo1491314105959.html"
                    }
                  ]
                }
              ]
            }
          ]
        }
        , {
          "type":"inst"
          , "id":35
          , "name":"Load"
          , "debug":
          [
            [
              {
                "filename":"/home/u89062/oneAPI-samples-ronghongbo/DirectProgramming/C++SYCL_FPGA/ReferenceDesigns/productive_libraries/blas/gemm/tiny-Mingzhe-auto-and-manual/manual-version-signalJ/./gemm.tiny.h"
                , "line":212
              }
            ]
          ]
          , "details":
          [
            {
              "type":"table"
              , "Width":"128 bits"
              , "Type":"Pipelined never-stall"
              , "Stall-free":"Yes"
              , "Loads from":"DB"
              , "Start Cycle":"16"
              , "Latency":"3"
              , "Reference":
              [
                {
                  "type":"text"
                  , "text":"See %L for more information"
                  , "links":
                  [
                    {
                      "guide":"Best Practices Guide : Load-Store Units"
                      , "link":"file:////glob/development-tools/versions/oneapi/2023.1.2/oneapi/compiler/2023.1.0/linux/lib/oclfpga/aoc_help_pages/yeo1491314105959.html"
                    }
                  ]
                }
              ]
            }
          ]
        }
        , {
          "type":"memtype"
          , "id":44
          , "name":"On-chip Memory"
          , "children":
          [
            {
              "type":"memsys"
              , "id":45
              , "name":"DB"
              , "debug":
              [
                [
                  {
                    "filename":"gemm.tiny.h"
                    , "line":184
                  }
                ]
              ]
              , "children":
              [
                {
                  "type":"bank"
                  , "id":46
                  , "name":"Bank 0"
                  , "debug":
                  [
                    [
                      {
                        "filename":"gemm.tiny.h"
                        , "line":184
                      }
                    ]
                  ]
                  , "children":
                  [
                    {
                      "type":"port"
                      , "id":50
                      , "name":"R"
                    }
                    , {
                      "type":"port"
                      , "id":54
                      , "name":"W"
                    }
                  ]
                  , "details":
                  [
                    {
                      "type":"table"
                      , "details":
                      [
                        {
                          "type":"brief"
                          , "text":"2 total ports/bank\n1 read ports/bank\n1 write ports/bank"
                        }
                      ]
                      , "Total number of ports per bank":"2"
                      , "Number of read ports per bank":"1"
                      , "Number of write ports per bank":"1"
                      , "Total replication":"1"
                    }
                  ]
                }
                , {
                  "type":"bank"
                  , "id":47
                  , "name":"Bank 1"
                  , "debug":
                  [
                    [
                      {
                        "filename":"gemm.tiny.h"
                        , "line":184
                      }
                    ]
                  ]
                  , "children":
                  [
                    {
                      "type":"port"
                      , "id":51
                      , "name":"R"
                    }
                    , {
                      "type":"port"
                      , "id":55
                      , "name":"W"
                    }
                  ]
                  , "details":
                  [
                    {
                      "type":"table"
                      , "details":
                      [
                        {
                          "type":"brief"
                          , "text":"2 total ports/bank\n1 read ports/bank\n1 write ports/bank"
                        }
                      ]
                      , "Total number of ports per bank":"2"
                      , "Number of read ports per bank":"1"
                      , "Number of write ports per bank":"1"
                      , "Total replication":"1"
                    }
                  ]
                }
                , {
                  "type":"bank"
                  , "id":48
                  , "name":"Bank 2"
                  , "debug":
                  [
                    [
                      {
                        "filename":"gemm.tiny.h"
                        , "line":184
                      }
                    ]
                  ]
                  , "children":
                  [
                    {
                      "type":"port"
                      , "id":52
                      , "name":"R"
                    }
                    , {
                      "type":"port"
                      , "id":56
                      , "name":"W"
                    }
                  ]
                  , "details":
                  [
                    {
                      "type":"table"
                      , "details":
                      [
                        {
                          "type":"brief"
                          , "text":"2 total ports/bank\n1 read ports/bank\n1 write ports/bank"
                        }
                      ]
                      , "Total number of ports per bank":"2"
                      , "Number of read ports per bank":"1"
                      , "Number of write ports per bank":"1"
                      , "Total replication":"1"
                    }
                  ]
                }
                , {
                  "type":"bank"
                  , "id":49
                  , "name":"Bank 3"
                  , "debug":
                  [
                    [
                      {
                        "filename":"gemm.tiny.h"
                        , "line":184
                      }
                    ]
                  ]
                  , "children":
                  [
                    {
                      "type":"port"
                      , "id":53
                      , "name":"R"
                    }
                    , {
                      "type":"port"
                      , "id":57
                      , "name":"W"
                    }
                  ]
                  , "details":
                  [
                    {
                      "type":"table"
                      , "details":
                      [
                        {
                          "type":"brief"
                          , "text":"2 total ports/bank\n1 read ports/bank\n1 write ports/bank"
                        }
                      ]
                      , "Total number of ports per bank":"2"
                      , "Number of read ports per bank":"1"
                      , "Number of write ports per bank":"1"
                      , "Total replication":"1"
                    }
                  ]
                }
              ]
              , "details":
              [
                {
                  "type":"table"
                  , "Requested size":"2048 bytes"
                  , "Implemented size":"2048 bytes"
                  , "Number of banks":"4"
                  , "Bank width":"128 bits"
                  , "Bank depth":"32 words"
                  , "Number of replicates":"1"
                  , "Number of private copies":"1"
                  , "Reference":
                  [
                    {
                      "type":"text"
                      , "text":"See %L for more information"
                      , "links":
                      [
                        {
                          "guide":"Best Practices Guide : Local Memory"
                          , "link":"file:////glob/development-tools/versions/oneapi/2023.1.2/oneapi/compiler/2023.1.0/linux/lib/oclfpga/aoc_help_pages/chn1469549457114.html"
                        }
                      ]
                    }
                  ]
                }
              ]
            }
          ]
        }
      ]
    }
    , {
      "type":"kernel"
      , "id":79
      , "name":"kernel_bFeeder"
      , "children":
      [
        {
          "type":"inst"
          , "id":83
          , "name":"Store"
          , "debug":
          [
            [
              {
                "filename":"/home/u89062/oneAPI-samples-ronghongbo/DirectProgramming/C++SYCL_FPGA/ReferenceDesigns/productive_libraries/blas/gemm/tiny-Mingzhe-auto-and-manual/manual-version-signalJ/./gemm.tiny.h"
                , "line":290
              }
            ]
          ]
          , "details":
          [
            {
              "type":"table"
              , "Width":"128 bits"
              , "Type":"Pipelined never-stall"
              , "Stall-free":"Yes"
              , "Stores to":"DB"
              , "Start Cycle":"9"
              , "Latency":"1"
              , "Reference":
              [
                {
                  "type":"text"
                  , "text":"See %L for more information"
                  , "links":
                  [
                    {
                      "guide":"Best Practices Guide : Load-Store Units"
                      , "link":"file:////glob/development-tools/versions/oneapi/2023.1.2/oneapi/compiler/2023.1.0/linux/lib/oclfpga/aoc_help_pages/yeo1491314105959.html"
                    }
                  ]
                }
              ]
            }
          ]
        }
        , {
          "type":"inst"
          , "id":84
          , "name":"Load"
          , "debug":
          [
            [
              {
                "filename":"/home/u89062/oneAPI-samples-ronghongbo/DirectProgramming/C++SYCL_FPGA/ReferenceDesigns/productive_libraries/blas/gemm/tiny-Mingzhe-auto-and-manual/manual-version-signalJ/./gemm.tiny.h"
                , "line":293
              }
            ]
          ]
          , "details":
          [
            {
              "type":"table"
              , "Width":"128 bits"
              , "Type":"Pipelined never-stall"
              , "Stall-free":"Yes"
              , "Loads from":"DB"
              , "Start Cycle":"10"
              , "Latency":"3"
              , "Reference":
              [
                {
                  "type":"text"
                  , "text":"See %L for more information"
                  , "links":
                  [
                    {
                      "guide":"Best Practices Guide : Load-Store Units"
                      , "link":"file:////glob/development-tools/versions/oneapi/2023.1.2/oneapi/compiler/2023.1.0/linux/lib/oclfpga/aoc_help_pages/yeo1491314105959.html"
                    }
                  ]
                }
              ]
            }
          ]
        }
        , {
          "type":"inst"
          , "id":85
          , "name":"Store"
          , "debug":
          [
            [
              {
                "filename":"/home/u89062/oneAPI-samples-ronghongbo/DirectProgramming/C++SYCL_FPGA/ReferenceDesigns/productive_libraries/blas/gemm/tiny-Mingzhe-auto-and-manual/manual-version-signalJ/./gemm.tiny.h"
                , "line":290
              }
            ]
          ]
          , "details":
          [
            {
              "type":"table"
              , "Width":"128 bits"
              , "Type":"Pipelined never-stall"
              , "Stall-free":"Yes"
              , "Stores to":"DB"
              , "Start Cycle":"11"
              , "Latency":"1"
              , "Reference":
              [
                {
                  "type":"text"
                  , "text":"See %L for more information"
                  , "links":
                  [
                    {
                      "guide":"Best Practices Guide : Load-Store Units"
                      , "link":"file:////glob/development-tools/versions/oneapi/2023.1.2/oneapi/compiler/2023.1.0/linux/lib/oclfpga/aoc_help_pages/yeo1491314105959.html"
                    }
                  ]
                }
              ]
            }
          ]
        }
        , {
          "type":"inst"
          , "id":86
          , "name":"Load"
          , "debug":
          [
            [
              {
                "filename":"/home/u89062/oneAPI-samples-ronghongbo/DirectProgramming/C++SYCL_FPGA/ReferenceDesigns/productive_libraries/blas/gemm/tiny-Mingzhe-auto-and-manual/manual-version-signalJ/./gemm.tiny.h"
                , "line":293
              }
            ]
          ]
          , "details":
          [
            {
              "type":"table"
              , "Width":"128 bits"
              , "Type":"Pipelined never-stall"
              , "Stall-free":"Yes"
              , "Loads from":"DB"
              , "Start Cycle":"12"
              , "Latency":"3"
              , "Reference":
              [
                {
                  "type":"text"
                  , "text":"See %L for more information"
                  , "links":
                  [
                    {
                      "guide":"Best Practices Guide : Load-Store Units"
                      , "link":"file:////glob/development-tools/versions/oneapi/2023.1.2/oneapi/compiler/2023.1.0/linux/lib/oclfpga/aoc_help_pages/yeo1491314105959.html"
                    }
                  ]
                }
              ]
            }
          ]
        }
        , {
          "type":"inst"
          , "id":87
          , "name":"Store"
          , "debug":
          [
            [
              {
                "filename":"/home/u89062/oneAPI-samples-ronghongbo/DirectProgramming/C++SYCL_FPGA/ReferenceDesigns/productive_libraries/blas/gemm/tiny-Mingzhe-auto-and-manual/manual-version-signalJ/./gemm.tiny.h"
                , "line":290
              }
            ]
          ]
          , "details":
          [
            {
              "type":"table"
              , "Width":"128 bits"
              , "Type":"Pipelined never-stall"
              , "Stall-free":"Yes"
              , "Stores to":"DB"
              , "Start Cycle":"13"
              , "Latency":"1"
              , "Reference":
              [
                {
                  "type":"text"
                  , "text":"See %L for more information"
                  , "links":
                  [
                    {
                      "guide":"Best Practices Guide : Load-Store Units"
                      , "link":"file:////glob/development-tools/versions/oneapi/2023.1.2/oneapi/compiler/2023.1.0/linux/lib/oclfpga/aoc_help_pages/yeo1491314105959.html"
                    }
                  ]
                }
              ]
            }
          ]
        }
        , {
          "type":"inst"
          , "id":88
          , "name":"Load"
          , "debug":
          [
            [
              {
                "filename":"/home/u89062/oneAPI-samples-ronghongbo/DirectProgramming/C++SYCL_FPGA/ReferenceDesigns/productive_libraries/blas/gemm/tiny-Mingzhe-auto-and-manual/manual-version-signalJ/./gemm.tiny.h"
                , "line":293
              }
            ]
          ]
          , "details":
          [
            {
              "type":"table"
              , "Width":"128 bits"
              , "Type":"Pipelined never-stall"
              , "Stall-free":"Yes"
              , "Loads from":"DB"
              , "Start Cycle":"14"
              , "Latency":"3"
              , "Reference":
              [
                {
                  "type":"text"
                  , "text":"See %L for more information"
                  , "links":
                  [
                    {
                      "guide":"Best Practices Guide : Load-Store Units"
                      , "link":"file:////glob/development-tools/versions/oneapi/2023.1.2/oneapi/compiler/2023.1.0/linux/lib/oclfpga/aoc_help_pages/yeo1491314105959.html"
                    }
                  ]
                }
              ]
            }
          ]
        }
        , {
          "type":"inst"
          , "id":89
          , "name":"Store"
          , "debug":
          [
            [
              {
                "filename":"/home/u89062/oneAPI-samples-ronghongbo/DirectProgramming/C++SYCL_FPGA/ReferenceDesigns/productive_libraries/blas/gemm/tiny-Mingzhe-auto-and-manual/manual-version-signalJ/./gemm.tiny.h"
                , "line":290
              }
            ]
          ]
          , "details":
          [
            {
              "type":"table"
              , "Width":"128 bits"
              , "Type":"Pipelined never-stall"
              , "Stall-free":"Yes"
              , "Stores to":"DB"
              , "Start Cycle":"15"
              , "Latency":"1"
              , "Reference":
              [
                {
                  "type":"text"
                  , "text":"See %L for more information"
                  , "links":
                  [
                    {
                      "guide":"Best Practices Guide : Load-Store Units"
                      , "link":"file:////glob/development-tools/versions/oneapi/2023.1.2/oneapi/compiler/2023.1.0/linux/lib/oclfpga/aoc_help_pages/yeo1491314105959.html"
                    }
                  ]
                }
              ]
            }
          ]
        }
        , {
          "type":"inst"
          , "id":90
          , "name":"Load"
          , "debug":
          [
            [
              {
                "filename":"/home/u89062/oneAPI-samples-ronghongbo/DirectProgramming/C++SYCL_FPGA/ReferenceDesigns/productive_libraries/blas/gemm/tiny-Mingzhe-auto-and-manual/manual-version-signalJ/./gemm.tiny.h"
                , "line":293
              }
            ]
          ]
          , "details":
          [
            {
              "type":"table"
              , "Width":"128 bits"
              , "Type":"Pipelined never-stall"
              , "Stall-free":"Yes"
              , "Loads from":"DB"
              , "Start Cycle":"16"
              , "Latency":"3"
              , "Reference":
              [
                {
                  "type":"text"
                  , "text":"See %L for more information"
                  , "links":
                  [
                    {
                      "guide":"Best Practices Guide : Load-Store Units"
                      , "link":"file:////glob/development-tools/versions/oneapi/2023.1.2/oneapi/compiler/2023.1.0/linux/lib/oclfpga/aoc_help_pages/yeo1491314105959.html"
                    }
                  ]
                }
              ]
            }
          ]
        }
        , {
          "type":"memtype"
          , "id":99
          , "name":"On-chip Memory"
          , "children":
          [
            {
              "type":"memsys"
              , "id":100
              , "name":"DB"
              , "debug":
              [
                [
                  {
                    "filename":"gemm.tiny.h"
                    , "line":265
                  }
                ]
              ]
              , "children":
              [
                {
                  "type":"bank"
                  , "id":101
                  , "name":"Bank 0"
                  , "debug":
                  [
                    [
                      {
                        "filename":"gemm.tiny.h"
                        , "line":265
                      }
                    ]
                  ]
                  , "children":
                  [
                    {
                      "type":"port"
                      , "id":105
                      , "name":"R"
                    }
                    , {
                      "type":"port"
                      , "id":109
                      , "name":"W"
                    }
                  ]
                  , "details":
                  [
                    {
                      "type":"table"
                      , "details":
                      [
                        {
                          "type":"brief"
                          , "text":"2 total ports/bank\n1 read ports/bank\n1 write ports/bank"
                        }
                      ]
                      , "Total number of ports per bank":"2"
                      , "Number of read ports per bank":"1"
                      , "Number of write ports per bank":"1"
                      , "Total replication":"1"
                    }
                  ]
                }
                , {
                  "type":"bank"
                  , "id":102
                  , "name":"Bank 1"
                  , "debug":
                  [
                    [
                      {
                        "filename":"gemm.tiny.h"
                        , "line":265
                      }
                    ]
                  ]
                  , "children":
                  [
                    {
                      "type":"port"
                      , "id":106
                      , "name":"R"
                    }
                    , {
                      "type":"port"
                      , "id":110
                      , "name":"W"
                    }
                  ]
                  , "details":
                  [
                    {
                      "type":"table"
                      , "details":
                      [
                        {
                          "type":"brief"
                          , "text":"2 total ports/bank\n1 read ports/bank\n1 write ports/bank"
                        }
                      ]
                      , "Total number of ports per bank":"2"
                      , "Number of read ports per bank":"1"
                      , "Number of write ports per bank":"1"
                      , "Total replication":"1"
                    }
                  ]
                }
                , {
                  "type":"bank"
                  , "id":103
                  , "name":"Bank 2"
                  , "debug":
                  [
                    [
                      {
                        "filename":"gemm.tiny.h"
                        , "line":265
                      }
                    ]
                  ]
                  , "children":
                  [
                    {
                      "type":"port"
                      , "id":107
                      , "name":"R"
                    }
                    , {
                      "type":"port"
                      , "id":111
                      , "name":"W"
                    }
                  ]
                  , "details":
                  [
                    {
                      "type":"table"
                      , "details":
                      [
                        {
                          "type":"brief"
                          , "text":"2 total ports/bank\n1 read ports/bank\n1 write ports/bank"
                        }
                      ]
                      , "Total number of ports per bank":"2"
                      , "Number of read ports per bank":"1"
                      , "Number of write ports per bank":"1"
                      , "Total replication":"1"
                    }
                  ]
                }
                , {
                  "type":"bank"
                  , "id":104
                  , "name":"Bank 3"
                  , "debug":
                  [
                    [
                      {
                        "filename":"gemm.tiny.h"
                        , "line":265
                      }
                    ]
                  ]
                  , "children":
                  [
                    {
                      "type":"port"
                      , "id":108
                      , "name":"R"
                    }
                    , {
                      "type":"port"
                      , "id":112
                      , "name":"W"
                    }
                  ]
                  , "details":
                  [
                    {
                      "type":"table"
                      , "details":
                      [
                        {
                          "type":"brief"
                          , "text":"2 total ports/bank\n1 read ports/bank\n1 write ports/bank"
                        }
                      ]
                      , "Total number of ports per bank":"2"
                      , "Number of read ports per bank":"1"
                      , "Number of write ports per bank":"1"
                      , "Total replication":"1"
                    }
                  ]
                }
              ]
              , "details":
              [
                {
                  "type":"table"
                  , "Requested size":"2048 bytes"
                  , "Implemented size":"2048 bytes"
                  , "Number of banks":"4"
                  , "Bank width":"128 bits"
                  , "Bank depth":"32 words"
                  , "Number of replicates":"1"
                  , "Number of private copies":"1"
                  , "Reference":
                  [
                    {
                      "type":"text"
                      , "text":"See %L for more information"
                      , "links":
                      [
                        {
                          "guide":"Best Practices Guide : Local Memory"
                          , "link":"file:////glob/development-tools/versions/oneapi/2023.1.2/oneapi/compiler/2023.1.0/linux/lib/oclfpga/aoc_help_pages/chn1469549457114.html"
                        }
                      ]
                    }
                  ]
                }
              ]
            }
          ]
        }
      ]
    }
  ]
  , "links":
  [
    {
      "from":50
      , "to":29
    }
    , {
      "from":51
      , "to":31
    }
    , {
      "from":52
      , "to":33
    }
    , {
      "from":53
      , "to":35
    }
    , {
      "from":28
      , "to":54
    }
    , {
      "from":30
      , "to":55
    }
    , {
      "from":32
      , "to":56
    }
    , {
      "from":34
      , "to":57
    }
    , {
      "from":105
      , "to":84
    }
    , {
      "from":106
      , "to":86
    }
    , {
      "from":107
      , "to":88
    }
    , {
      "from":108
      , "to":90
    }
    , {
      "from":83
      , "to":109
    }
    , {
      "from":85
      , "to":110
    }
    , {
      "from":87
      , "to":111
    }
    , {
      "from":89
      , "to":112
    }
  ]
}
