{
  "bottlenecks":
  [
    {
      "name":"'i'"
      , "id":1762
      , "src":"352"
      , "dst":"363"
      , "type":"fMAX/II"
      , "brief":"Data dependency"
      , "loop":"kernel_aLoader.B1"
      , "details":
      [
        {
          "type":"table"
          , "Variable on critical loop carried feedback path: ":"'i'"
          , "Declared at: ":
          [
            {
              "type":"text"
              , "text":"%L"
              , "links":
              [
                {
                  "filename":"/home/u89062/oneAPI-samples-ronghongbo/DirectProgramming/C++SYCL_FPGA/ReferenceDesigns/productive_libraries/blas/gemm/tiny-Mingzhe-auto-and-manual/manual-version-dynamicI/./gemm.tiny.h"
                  , "line":"152"
                }
              ]
            }
          ]
          , "Dependency: ":"Data dependency"
          , "Estimated fmax reduced to: ":"360.0"
          , "Loop feedback path that raised II and/or lowered fMAX: ":
          [
            {
              "type":"text"
              , "text":"+(%L)"
              , "links":
              [
                {
                  "filename":"/home/u89062/oneAPI-samples-ronghongbo/DirectProgramming/C++SYCL_FPGA/ReferenceDesigns/productive_libraries/blas/gemm/tiny-Mingzhe-auto-and-manual/manual-version-dynamicI/./gemm.tiny.h"
                  , "line":"152"
                }
              ]
            }
            , {
              "type":"text"
              , "text":"Select(%L)"
              , "links":
              [
                {
                  "filename":"/home/u89062/oneAPI-samples-ronghongbo/DirectProgramming/C++SYCL_FPGA/ReferenceDesigns/productive_libraries/blas/gemm/tiny-Mingzhe-auto-and-manual/manual-version-dynamicI/./gemm.tiny.h"
                  , "line":"152"
                }
              ]
            }
          ]
        }
      ]
      , "nodes":
      [
        {
          "name":"'i'"
          , "id":352
          , "start":"1.00"
          , "parent":"_ZTSZZ4gemmPfS_S_S_ffmRN4sycl3_V15queueEENKUlRNS1_7handlerEE_clES5_E14kernel_aLoader.B1"
          , "debug":
          [
            [
              {
                "filename":"/home/u89062/oneAPI-samples-ronghongbo/DirectProgramming/C++SYCL_FPGA/ReferenceDesigns/productive_libraries/blas/gemm/tiny-Mingzhe-auto-and-manual/manual-version-dynamicI/./gemm.tiny.h"
                , "line":152
              }
            ]
          ]
          , "type":"inst"
        }
        , {
          "name":"Select"
          , "id":353
          , "debug":
          [
            [
              {
                "filename":"/home/u89062/oneAPI-samples-ronghongbo/DirectProgramming/C++SYCL_FPGA/ReferenceDesigns/productive_libraries/blas/gemm/tiny-Mingzhe-auto-and-manual/manual-version-dynamicI/./gemm.tiny.h"
                , "line":152
              }
            ]
          ]
          , "type":"inst"
        }
        , {
          "name":"+"
          , "id":362
          , "debug":
          [
            [
              {
                "filename":"/home/u89062/oneAPI-samples-ronghongbo/DirectProgramming/C++SYCL_FPGA/ReferenceDesigns/productive_libraries/blas/gemm/tiny-Mingzhe-auto-and-manual/manual-version-dynamicI/./gemm.tiny.h"
                , "line":152
              }
            ]
          ]
          , "type":"inst"
        }
        , {
          "name":"Feedback"
          , "id":363
          , "end":"2.00"
          , "parent":"_ZTSZZ4gemmPfS_S_S_ffmRN4sycl3_V15queueEENKUlRNS1_7handlerEE_clES5_E14kernel_aLoader.B1"
          , "debug":
          [
            [
              {
                "filename":"/home/u89062/oneAPI-samples-ronghongbo/DirectProgramming/C++SYCL_FPGA/ReferenceDesigns/productive_libraries/blas/gemm/tiny-Mingzhe-auto-and-manual/manual-version-dynamicI/./gemm.tiny.h"
                , "line":152
              }
            ]
          ]
          , "type":"inst"
        }
      ]
      , "links":
      [
        {
          "from":352
          , "to":353
        }
        , {
          "from":353
          , "to":362
        }
        , {
          "from":362
          , "to":363
        }
        , {
          "from":353
          , "to":363
        }
        , {
          "from":352
          , "to":363
          , "reverse":1
        }
      ]
    }
    , {
      "name":"'i'"
      , "id":1763
      , "src":"606"
      , "dst":"615"
      , "type":"fMAX/II"
      , "brief":"Data dependency"
      , "loop":"kernel_bLoader.B1"
      , "details":
      [
        {
          "type":"table"
          , "Variable on critical loop carried feedback path: ":"'i'"
          , "Declared at: ":
          [
            {
              "type":"text"
              , "text":"%L"
              , "links":
              [
                {
                  "filename":"/home/u89062/oneAPI-samples-ronghongbo/DirectProgramming/C++SYCL_FPGA/ReferenceDesigns/productive_libraries/blas/gemm/tiny-Mingzhe-auto-and-manual/manual-version-dynamicI/./gemm.tiny.h"
                  , "line":"233"
                }
              ]
            }
          ]
          , "Dependency: ":"Data dependency"
          , "Estimated fmax reduced to: ":"360.0"
          , "Loop feedback path that raised II and/or lowered fMAX: ":
          [
            {
              "type":"text"
              , "text":"+(%L)"
              , "links":
              [
                {
                  "filename":"/home/u89062/oneAPI-samples-ronghongbo/DirectProgramming/C++SYCL_FPGA/ReferenceDesigns/productive_libraries/blas/gemm/tiny-Mingzhe-auto-and-manual/manual-version-dynamicI/./gemm.tiny.h"
                  , "line":"233"
                }
              ]
            }
            , {
              "type":"text"
              , "text":"Select(%L)"
              , "links":
              [
                {
                  "filename":"/home/u89062/oneAPI-samples-ronghongbo/DirectProgramming/C++SYCL_FPGA/ReferenceDesigns/productive_libraries/blas/gemm/tiny-Mingzhe-auto-and-manual/manual-version-dynamicI/./gemm.tiny.h"
                  , "line":"233"
                }
              ]
            }
          ]
        }
      ]
      , "nodes":
      [
        {
          "name":"'i'"
          , "id":606
          , "start":"1.00"
          , "parent":"_ZTSZZ4gemmPfS_S_S_ffmRN4sycl3_V15queueEENKUlRNS1_7handlerEE1_clES5_E14kernel_bLoader.B1"
          , "debug":
          [
            [
              {
                "filename":"/home/u89062/oneAPI-samples-ronghongbo/DirectProgramming/C++SYCL_FPGA/ReferenceDesigns/productive_libraries/blas/gemm/tiny-Mingzhe-auto-and-manual/manual-version-dynamicI/./gemm.tiny.h"
                , "line":233
              }
            ]
          ]
          , "type":"inst"
        }
        , {
          "name":"Select"
          , "id":607
          , "debug":
          [
            [
              {
                "filename":"/home/u89062/oneAPI-samples-ronghongbo/DirectProgramming/C++SYCL_FPGA/ReferenceDesigns/productive_libraries/blas/gemm/tiny-Mingzhe-auto-and-manual/manual-version-dynamicI/./gemm.tiny.h"
                , "line":233
              }
            ]
          ]
          , "type":"inst"
        }
        , {
          "name":"+"
          , "id":614
          , "debug":
          [
            [
              {
                "filename":"/home/u89062/oneAPI-samples-ronghongbo/DirectProgramming/C++SYCL_FPGA/ReferenceDesigns/productive_libraries/blas/gemm/tiny-Mingzhe-auto-and-manual/manual-version-dynamicI/./gemm.tiny.h"
                , "line":233
              }
            ]
          ]
          , "type":"inst"
        }
        , {
          "name":"Feedback"
          , "id":615
          , "end":"2.00"
          , "parent":"_ZTSZZ4gemmPfS_S_S_ffmRN4sycl3_V15queueEENKUlRNS1_7handlerEE1_clES5_E14kernel_bLoader.B1"
          , "debug":
          [
            [
              {
                "filename":"/home/u89062/oneAPI-samples-ronghongbo/DirectProgramming/C++SYCL_FPGA/ReferenceDesigns/productive_libraries/blas/gemm/tiny-Mingzhe-auto-and-manual/manual-version-dynamicI/./gemm.tiny.h"
                , "line":233
              }
            ]
          ]
          , "type":"inst"
        }
      ]
      , "links":
      [
        {
          "from":606
          , "to":607
        }
        , {
          "from":607
          , "to":614
        }
        , {
          "from":614
          , "to":615
        }
        , {
          "from":607
          , "to":615
        }
        , {
          "from":606
          , "to":615
          , "reverse":1
        }
      ]
    }
    , {
      "name":"'i'"
      , "id":1764
      , "src":"856"
      , "dst":"865"
      , "type":"fMAX/II"
      , "brief":"Data dependency"
      , "loop":"kernel_Product.B1"
      , "details":
      [
        {
          "type":"table"
          , "Variable on critical loop carried feedback path: ":"'i'"
          , "Declared at: ":
          [
            {
              "type":"text"
              , "text":"%L"
              , "links":
              [
                {
                  "filename":"/home/u89062/oneAPI-samples-ronghongbo/DirectProgramming/C++SYCL_FPGA/ReferenceDesigns/productive_libraries/blas/gemm/tiny-Mingzhe-auto-and-manual/manual-version-dynamicI/./gemm.tiny.h"
                  , "line":"319"
                }
              ]
            }
          ]
          , "Dependency: ":"Data dependency"
          , "Estimated fmax reduced to: ":"360.0"
          , "Loop feedback path that raised II and/or lowered fMAX: ":
          [
            {
              "type":"text"
              , "text":"Select(%L)"
              , "links":
              [
                {
                  "filename":"/glob/development-tools/versions/oneapi/2023.1.2/oneapi/compiler/2023.1.0/linux/bin-llvm/../include/sycl/ext/intel/pipes.hpp"
                  , "line":"74"
                }
              ]
            }
            , {
              "type":"text"
              , "text":"+(%L)"
              , "links":
              [
                {
                  "filename":"/home/u89062/oneAPI-samples-ronghongbo/DirectProgramming/C++SYCL_FPGA/ReferenceDesigns/productive_libraries/blas/gemm/tiny-Mingzhe-auto-and-manual/manual-version-dynamicI/./gemm.tiny.h"
                  , "line":"319"
                }
              ]
            }
          ]
        }
      ]
      , "nodes":
      [
        {
          "name":"'i'"
          , "id":856
          , "start":"1.00"
          , "parent":"_ZTSZZ4gemmPfS_S_S_ffmRN4sycl3_V15queueEENKUlRNS1_7handlerEE3_clES5_E14kernel_Product.B1"
          , "debug":
          [
            [
              {
                "filename":"/glob/development-tools/versions/oneapi/2023.1.2/oneapi/compiler/2023.1.0/linux/bin-llvm/../include/sycl/ext/intel/pipes.hpp"
                , "line":74
              }
            ]
          ]
          , "type":"inst"
        }
        , {
          "name":"+"
          , "id":864
          , "debug":
          [
            [
              {
                "filename":"/home/u89062/oneAPI-samples-ronghongbo/DirectProgramming/C++SYCL_FPGA/ReferenceDesigns/productive_libraries/blas/gemm/tiny-Mingzhe-auto-and-manual/manual-version-dynamicI/./gemm.tiny.h"
                , "line":319
              }
            ]
          ]
          , "type":"inst"
        }
        , {
          "name":"Select"
          , "id":857
          , "debug":
          [
            [
              {
                "filename":"/glob/development-tools/versions/oneapi/2023.1.2/oneapi/compiler/2023.1.0/linux/bin-llvm/../include/sycl/ext/intel/pipes.hpp"
                , "line":74
              }
            ]
          ]
          , "type":"inst"
        }
        , {
          "name":"Feedback"
          , "id":865
          , "end":"2.00"
          , "parent":"_ZTSZZ4gemmPfS_S_S_ffmRN4sycl3_V15queueEENKUlRNS1_7handlerEE3_clES5_E14kernel_Product.B1"
          , "debug":
          [
            [
              {
                "filename":"/home/u89062/oneAPI-samples-ronghongbo/DirectProgramming/C++SYCL_FPGA/ReferenceDesigns/productive_libraries/blas/gemm/tiny-Mingzhe-auto-and-manual/manual-version-dynamicI/./gemm.tiny.h"
                , "line":319
              }
            ]
          ]
          , "type":"inst"
        }
      ]
      , "links":
      [
        {
          "from":856
          , "to":857
        }
        , {
          "from":864
          , "to":865
        }
        , {
          "from":857
          , "to":865
        }
        , {
          "from":856
          , "to":865
          , "reverse":1
        }
      ]
    }
    , {
      "name":"'i'"
      , "id":1765
      , "src":"1553"
      , "dst":"1557"
      , "type":"fMAX/II"
      , "brief":"Data dependency"
      , "loop":"kernel_cLoader.B1"
      , "details":
      [
        {
          "type":"table"
          , "Variable on critical loop carried feedback path: ":"'i'"
          , "Declared at: ":
          [
            {
              "type":"text"
              , "text":"%L"
              , "links":
              [
                {
                  "filename":"/home/u89062/oneAPI-samples-ronghongbo/DirectProgramming/C++SYCL_FPGA/ReferenceDesigns/productive_libraries/blas/gemm/tiny-Mingzhe-auto-and-manual/manual-version-dynamicI/./gemm.tiny.h"
                  , "line":"416"
                }
              ]
            }
          ]
          , "Dependency: ":"Data dependency"
          , "Estimated fmax reduced to: ":"360.0"
          , "Loop feedback path that raised II and/or lowered fMAX: ":
          [
            {
              "type":"text"
              , "text":"+(%L)"
              , "links":
              [
                {
                  "filename":"/home/u89062/oneAPI-samples-ronghongbo/DirectProgramming/C++SYCL_FPGA/ReferenceDesigns/productive_libraries/blas/gemm/tiny-Mingzhe-auto-and-manual/manual-version-dynamicI/./gemm.tiny.h"
                  , "line":"416"
                }
              ]
            }
            , {
              "type":"text"
              , "text":"Select(%L)"
              , "links":
              [
                {
                  "filename":"/home/u89062/oneAPI-samples-ronghongbo/DirectProgramming/C++SYCL_FPGA/ReferenceDesigns/productive_libraries/blas/gemm/tiny-Mingzhe-auto-and-manual/manual-version-dynamicI/./gemm.tiny.h"
                  , "line":"414"
                }
              ]
            }
          ]
        }
      ]
      , "nodes":
      [
        {
          "name":"'i'"
          , "id":1553
          , "start":"1.00"
          , "parent":"_ZTSZZ4gemmPfS_S_S_ffmRN4sycl3_V15queueEENKUlRNS1_7handlerEE4_clES5_E14kernel_cLoader.B1"
          , "debug":
          [
            [
              {
                "filename":"/home/u89062/oneAPI-samples-ronghongbo/DirectProgramming/C++SYCL_FPGA/ReferenceDesigns/productive_libraries/blas/gemm/tiny-Mingzhe-auto-and-manual/manual-version-dynamicI/./gemm.tiny.h"
                , "line":414
              }
            ]
          ]
          , "type":"inst"
        }
        , {
          "name":"+"
          , "id":1556
          , "debug":
          [
            [
              {
                "filename":"/home/u89062/oneAPI-samples-ronghongbo/DirectProgramming/C++SYCL_FPGA/ReferenceDesigns/productive_libraries/blas/gemm/tiny-Mingzhe-auto-and-manual/manual-version-dynamicI/./gemm.tiny.h"
                , "line":416
              }
            ]
          ]
          , "type":"inst"
        }
        , {
          "name":"Select"
          , "id":1554
          , "debug":
          [
            [
              {
                "filename":"/home/u89062/oneAPI-samples-ronghongbo/DirectProgramming/C++SYCL_FPGA/ReferenceDesigns/productive_libraries/blas/gemm/tiny-Mingzhe-auto-and-manual/manual-version-dynamicI/./gemm.tiny.h"
                , "line":414
              }
            ]
          ]
          , "type":"inst"
        }
        , {
          "name":"Feedback"
          , "id":1557
          , "end":"2.00"
          , "parent":"_ZTSZZ4gemmPfS_S_S_ffmRN4sycl3_V15queueEENKUlRNS1_7handlerEE4_clES5_E14kernel_cLoader.B1"
          , "debug":
          [
            [
              {
                "filename":"/home/u89062/oneAPI-samples-ronghongbo/DirectProgramming/C++SYCL_FPGA/ReferenceDesigns/productive_libraries/blas/gemm/tiny-Mingzhe-auto-and-manual/manual-version-dynamicI/./gemm.tiny.h"
                , "line":416
              }
            ]
          ]
          , "type":"inst"
        }
      ]
      , "links":
      [
        {
          "from":1553
          , "to":1554
        }
        , {
          "from":1556
          , "to":1557
        }
        , {
          "from":1554
          , "to":1557
        }
        , {
          "from":1553
          , "to":1557
          , "reverse":1
        }
      ]
    }
    , {
      "name":"'i'"
      , "id":1766
      , "src":"1608"
      , "dst":"1612"
      , "type":"fMAX/II"
      , "brief":"Data dependency"
      , "loop":"kernel_Out.B1"
      , "details":
      [
        {
          "type":"table"
          , "Variable on critical loop carried feedback path: ":"'i'"
          , "Declared at: ":
          [
            {
              "type":"text"
              , "text":"%L"
              , "links":
              [
                {
                  "filename":"/home/u89062/oneAPI-samples-ronghongbo/DirectProgramming/C++SYCL_FPGA/ReferenceDesigns/productive_libraries/blas/gemm/tiny-Mingzhe-auto-and-manual/manual-version-dynamicI/./gemm.tiny.h"
                  , "line":"439"
                }
              ]
            }
          ]
          , "Dependency: ":"Data dependency"
          , "Estimated fmax reduced to: ":"360.0"
          , "Loop feedback path that raised II and/or lowered fMAX: ":
          [
            {
              "type":"text"
              , "text":"+(%L)"
              , "links":
              [
                {
                  "filename":"/home/u89062/oneAPI-samples-ronghongbo/DirectProgramming/C++SYCL_FPGA/ReferenceDesigns/productive_libraries/blas/gemm/tiny-Mingzhe-auto-and-manual/manual-version-dynamicI/./gemm.tiny.h"
                  , "line":"439"
                }
              ]
            }
            , {
              "type":"text"
              , "text":"Select(%L)"
              , "links":
              [
                {
                  "filename":"/home/u89062/oneAPI-samples-ronghongbo/DirectProgramming/C++SYCL_FPGA/ReferenceDesigns/productive_libraries/blas/gemm/tiny-Mingzhe-auto-and-manual/manual-version-dynamicI/./gemm.tiny.h"
                  , "line":"439"
                }
              ]
            }
          ]
        }
      ]
      , "nodes":
      [
        {
          "name":"'i'"
          , "id":1608
          , "start":"1.00"
          , "parent":"_ZTSZZ4gemmPfS_S_S_ffmRN4sycl3_V15queueEENKUlRNS1_7handlerEE5_clES5_E10kernel_Out.B1"
          , "debug":
          [
            [
              {
                "filename":"/home/u89062/oneAPI-samples-ronghongbo/DirectProgramming/C++SYCL_FPGA/ReferenceDesigns/productive_libraries/blas/gemm/tiny-Mingzhe-auto-and-manual/manual-version-dynamicI/./gemm.tiny.h"
                , "line":439
              }
            ]
          ]
          , "type":"inst"
        }
        , {
          "name":"Select"
          , "id":1609
          , "debug":
          [
            [
              {
                "filename":"/home/u89062/oneAPI-samples-ronghongbo/DirectProgramming/C++SYCL_FPGA/ReferenceDesigns/productive_libraries/blas/gemm/tiny-Mingzhe-auto-and-manual/manual-version-dynamicI/./gemm.tiny.h"
                , "line":439
              }
            ]
          ]
          , "type":"inst"
        }
        , {
          "name":"+"
          , "id":1611
          , "debug":
          [
            [
              {
                "filename":"/home/u89062/oneAPI-samples-ronghongbo/DirectProgramming/C++SYCL_FPGA/ReferenceDesigns/productive_libraries/blas/gemm/tiny-Mingzhe-auto-and-manual/manual-version-dynamicI/./gemm.tiny.h"
                , "line":439
              }
            ]
          ]
          , "type":"inst"
        }
        , {
          "name":"Feedback"
          , "id":1612
          , "end":"2.00"
          , "parent":"_ZTSZZ4gemmPfS_S_S_ffmRN4sycl3_V15queueEENKUlRNS1_7handlerEE5_clES5_E10kernel_Out.B1"
          , "debug":
          [
            [
              {
                "filename":"/home/u89062/oneAPI-samples-ronghongbo/DirectProgramming/C++SYCL_FPGA/ReferenceDesigns/productive_libraries/blas/gemm/tiny-Mingzhe-auto-and-manual/manual-version-dynamicI/./gemm.tiny.h"
                , "line":439
              }
            ]
          ]
          , "type":"inst"
        }
      ]
      , "links":
      [
        {
          "from":1608
          , "to":1609
        }
        , {
          "from":1609
          , "to":1611
        }
        , {
          "from":1611
          , "to":1612
        }
        , {
          "from":1609
          , "to":1612
        }
        , {
          "from":1608
          , "to":1612
          , "reverse":1
        }
      ]
    }
    , {
      "name":"Global variable"
      , "id":1767
      , "src":"1664"
      , "dst":"1668"
      , "type":"fMAX/II"
      , "brief":"Data dependency"
      , "loop":"kernel_unloader.B1"
      , "details":
      [
        {
          "type":"table"
          , "Variable on critical loop carried feedback path: ":"Global variable"
          , "Declared at: ":
          [
            {
              "type":"text"
              , "text":"%L"
              , "links":
              [
                {
                  "filename":"Unknown location"
                  , "line":"0"
                }
              ]
            }
          ]
          , "Dependency: ":"Data dependency"
          , "Estimated fmax reduced to: ":"360.0"
          , "Loop feedback path that raised II and/or lowered fMAX: ":
          [
            {
              "type":"text"
              , "text":"+(%L)"
              , "links":
              [
                {
                  "filename":"/home/u89062/oneAPI-samples-ronghongbo/DirectProgramming/C++SYCL_FPGA/ReferenceDesigns/productive_libraries/blas/gemm/tiny-Mingzhe-auto-and-manual/manual-version-dynamicI/./gemm.tiny.h"
                  , "line":"458"
                }
              ]
            }
            , {
              "type":"text"
              , "text":"Select(%L)"
              , "links":
              [
                {
                  "filename":"/home/u89062/oneAPI-samples-ronghongbo/DirectProgramming/C++SYCL_FPGA/ReferenceDesigns/productive_libraries/blas/gemm/tiny-Mingzhe-auto-and-manual/manual-version-dynamicI/./gemm.tiny.h"
                  , "line":"456"
                }
              ]
            }
          ]
        }
      ]
      , "nodes":
      [
        {
          "name":"Global variable"
          , "id":1664
          , "start":"1.00"
          , "parent":"_ZTSZZ4gemmPfS_S_S_ffmRN4sycl3_V15queueEENKUlRNS1_7handlerEE6_clES5_E15kernel_unloader.B1"
          , "debug":
          [
            [
              {
                "filename":"/home/u89062/oneAPI-samples-ronghongbo/DirectProgramming/C++SYCL_FPGA/ReferenceDesigns/productive_libraries/blas/gemm/tiny-Mingzhe-auto-and-manual/manual-version-dynamicI/./gemm.tiny.h"
                , "line":456
              }
            ]
          ]
          , "type":"inst"
        }
        , {
          "name":"Select"
          , "id":1665
          , "debug":
          [
            [
              {
                "filename":"/home/u89062/oneAPI-samples-ronghongbo/DirectProgramming/C++SYCL_FPGA/ReferenceDesigns/productive_libraries/blas/gemm/tiny-Mingzhe-auto-and-manual/manual-version-dynamicI/./gemm.tiny.h"
                , "line":456
              }
            ]
          ]
          , "type":"inst"
        }
        , {
          "name":"+"
          , "id":1667
          , "debug":
          [
            [
              {
                "filename":"/home/u89062/oneAPI-samples-ronghongbo/DirectProgramming/C++SYCL_FPGA/ReferenceDesigns/productive_libraries/blas/gemm/tiny-Mingzhe-auto-and-manual/manual-version-dynamicI/./gemm.tiny.h"
                , "line":458
              }
            ]
          ]
          , "type":"inst"
        }
        , {
          "name":"Feedback"
          , "id":1668
          , "end":"2.00"
          , "parent":"_ZTSZZ4gemmPfS_S_S_ffmRN4sycl3_V15queueEENKUlRNS1_7handlerEE6_clES5_E15kernel_unloader.B1"
          , "debug":
          [
            [
              {
                "filename":"/home/u89062/oneAPI-samples-ronghongbo/DirectProgramming/C++SYCL_FPGA/ReferenceDesigns/productive_libraries/blas/gemm/tiny-Mingzhe-auto-and-manual/manual-version-dynamicI/./gemm.tiny.h"
                , "line":458
              }
            ]
          ]
          , "type":"inst"
        }
      ]
      , "links":
      [
        {
          "from":1664
          , "to":1665
        }
        , {
          "from":1665
          , "to":1667
        }
        , {
          "from":1667
          , "to":1668
        }
        , {
          "from":1665
          , "to":1668
        }
        , {
          "from":1664
          , "to":1668
          , "reverse":1
        }
      ]
    }
  ]
}
