{
  "nodes":
  [
    {
      "name":"DDR"
      , "id":1839
      , "details":
      [
        {
          "type":"table"
          , "Interleaving":"Yes"
          , "Interleave Size":"1024 bytes"
          , "Channels":"2 channels"
          , "Maximum bandwidth the BSP can deliver":"34133.00 MB/s<br><small><i> Note: Realistic maximum bandwidth is about 90% of the above due to loss from interconnect and memory controller.</i></small>"
          , "Channel DDR Width (bits)":"512, 512"
        }
      ]
      , "type":"memsys"
      , "children":
      [
        {
          "name":"channel 0"
          , "id":1841
          , "details":
          [
            {
              "type":"table"
              , "Data Width":"512"
              , "Address Width":"32"
              , "Latency":"240"
              , "ReadWrite Mode":"Read/Write"
              , "Maximum Burst":"16"
              , "Wait Request":"0"
              , "Start Address":"0x0"
            }
          ]
          , "type":"bb"
        }
        , {
          "name":"channel 1"
          , "id":1842
          , "details":
          [
            {
              "type":"table"
              , "Data Width":"512"
              , "Address Width":"32"
              , "Latency":"240"
              , "ReadWrite Mode":"Read/Write"
              , "Maximum Burst":"16"
              , "Wait Request":"0"
              , "Start Address":"0x100000000"
            }
          ]
          , "type":"bb"
        }
      ]
    }
    , {
      "name":"Memory Controller"
      , "id":1840
      , "parent":"1839"
      , "bw":"34133.00"
      , "num_channels":"2"
      , "interleave":"1"
      , "details":
      [
        {
          "type":"table"
          , "Maximum bandwidth the BSP can deliver":"34133.00 MB/s<br><small><i> Note: Realistic maximum bandwidth is about 90% of the above due to loss from interconnect and memory controller.</i></small>"
        }
      ]
      , "type":"bb"
    }
    , {
      "name":"Global Memory Interconnect"
      , "id":1843
      , "parent":"1839"
      , "type":"bb"
      , "children":
      [
        {
          "name":"SHARE"
          , "id":1844
          , "type":"arb"
        }
        , {
          "name":"Write Interconnect"
          , "id":1847
          , "details":
          [
            {
              "type":"table"
              , "Name":"DDR"
              , "Interconnect Style":"tree"
              , "Writes":"1"
              , "User specified force-single-store-ring flag":"False"
              , "Store Rings":"2"
            }
          ]
          , "type":"bb"
        }
        , {
          "name":"Read Interconnect"
          , "id":1845
          , "details":
          [
            {
              "type":"table"
              , "Name":"DDR"
              , "Interconnect Style":"tree"
              , "Reads":"3"
            }
          ]
          , "type":"bb"
        }
        , {
          "name":"Read Interconnect Router"
          , "id":1846
          , "details":
          [
            {
              "type":"table"
              , "User specified num-reorder flag":"Unset"
            }
          ]
          , "type":"memsys"
          , "children":
          [
            {
              "name":"Bus 0"
              , "id":1854
              , "type":"memsys"
            }
            , {
              "name":"Bus 1"
              , "id":1855
              , "type":"memsys"
            }
          ]
        }
      ]
    }
    , {
      "name":"Global Memory Loads"
      , "id":1848
      , "parent":"1839"
      , "type":"bb"
      , "children":
      [
        {
          "name":"LD"
          , "id":1849
          , "kwidth":"128"
          , "mwidth":"512"
          , "details":
          [
            {
              "type":"table"
              , "Start Cycle":"7"
              , "Latency":"156 cycles"
              , "Width":"128 bits"
              , "DDR Width":"512 bits"
              , "Uses Caching":"No"
              , "LSU Style":"BURST-COALESCED"
              , "Kernel":"kernel_aLoader"
            }
          ]
          , "debug":
          [
            [
              {
                "filename":"/home/u89062/oneAPI-samples-ronghongbo/DirectProgramming/C++SYCL_FPGA/ReferenceDesigns/productive_libraries/blas/gemm/tiny-Mingzhe-auto-and-manual/manual-version-dynamicI/./gemm.tiny.h"
                , "line":159
              }
            ]
          ]
          , "type":"inst"
        }
        , {
          "name":"LD"
          , "id":1850
          , "kwidth":"128"
          , "mwidth":"512"
          , "details":
          [
            {
              "type":"table"
              , "Start Cycle":"7"
              , "Latency":"156 cycles"
              , "Width":"128 bits"
              , "DDR Width":"512 bits"
              , "Uses Caching":"No"
              , "LSU Style":"BURST-COALESCED"
              , "Kernel":"kernel_bLoader"
            }
          ]
          , "debug":
          [
            [
              {
                "filename":"/home/u89062/oneAPI-samples-ronghongbo/DirectProgramming/C++SYCL_FPGA/ReferenceDesigns/productive_libraries/blas/gemm/tiny-Mingzhe-auto-and-manual/manual-version-dynamicI/./gemm.tiny.h"
                , "line":240
              }
            ]
          ]
          , "type":"inst"
        }
        , {
          "name":"LD"
          , "id":1851
          , "kwidth":"128"
          , "mwidth":"512"
          , "details":
          [
            {
              "type":"table"
              , "Start Cycle":"5"
              , "Latency":"156 cycles"
              , "Width":"128 bits"
              , "DDR Width":"512 bits"
              , "Uses Caching":"No"
              , "LSU Style":"BURST-COALESCED"
              , "Kernel":"kernel_cLoader"
            }
          ]
          , "debug":
          [
            [
              {
                "filename":"/home/u89062/oneAPI-samples-ronghongbo/DirectProgramming/C++SYCL_FPGA/ReferenceDesigns/productive_libraries/blas/gemm/tiny-Mingzhe-auto-and-manual/manual-version-dynamicI/./gemm.tiny.h"
                , "line":421
              }
            ]
          ]
          , "type":"inst"
        }
      ]
    }
    , {
      "name":"Global Memory Stores"
      , "id":1852
      , "parent":"1839"
      , "type":"bb"
      , "children":
      [
        {
          "name":"ST"
          , "id":1853
          , "kwidth":"128"
          , "mwidth":"512"
          , "details":
          [
            {
              "type":"table"
              , "Start Cycle":"9"
              , "Latency":"2 cycles"
              , "Width":"128 bits"
              , "DDR Width":"512 bits"
              , "Uses Write Ack":"No"
              , "LSU Style":"BURST-COALESCED"
              , "Kernel":"kernel_unloader"
            }
          ]
          , "debug":
          [
            [
              {
                "filename":"/home/u89062/oneAPI-samples-ronghongbo/DirectProgramming/C++SYCL_FPGA/ReferenceDesigns/productive_libraries/blas/gemm/tiny-Mingzhe-auto-and-manual/manual-version-dynamicI/./gemm.tiny.h"
                , "line":462
              }
            ]
          ]
          , "type":"inst"
        }
      ]
    }
  ]
  , "links":
  [
    {
      "from":1841
      , "to":1840
    }
    , {
      "from":1840
      , "to":1841
    }
    , {
      "from":1842
      , "to":1840
    }
    , {
      "from":1840
      , "to":1842
    }
    , {
      "from":1845
      , "to":1844
    }
    , {
      "from":1847
      , "to":1844
    }
    , {
      "from":1844
      , "to":1840
    }
    , {
      "from":1849
      , "to":1845
    }
    , {
      "from":1850
      , "to":1845
    }
    , {
      "from":1851
      , "to":1845
    }
    , {
      "from":1853
      , "to":1847
    }
    , {
      "from":1840
      , "to":1854
    }
    , {
      "from":1840
      , "to":1855
    }
    , {
      "from":1854
      , "to":1849
      , "reverse":1
    }
    , {
      "from":1855
      , "to":1850
      , "reverse":1
    }
    , {
      "from":1854
      , "to":1851
      , "reverse":1
    }
  ]
}
