{
  "nodes":
  [
    {
      "name":"kernel_aLoader"
      , "id":1
      , "type":"kernel"
      , "children":
      [
        {
          "name":"kernel_aLoader.B0"
          , "id":9
          , "type":"bb"
        }
        , {
          "name":"kernel_aLoader.B1"
          , "id":10
          , "type":"bb"
          , "children":
          [
            {
              "name":"Cluster 0"
              , "id":73
              , "type":"cluster"
            }
          ]
        }
        , {
          "name":"kernel_aLoader.B2"
          , "id":11
          , "type":"bb"
          , "children":
          [
            {
              "name":"Cluster 1"
              , "id":79
              , "type":"cluster"
            }
          ]
        }
        , {
          "name":"kernel_aLoader.B3"
          , "id":12
          , "type":"bb"
        }
        , {
          "name":"kernel_aLoader.B4"
          , "id":13
          , "type":"bb"
          , "children":
          [
            {
              "name":"Cluster 2"
              , "id":92
              , "type":"cluster"
            }
          ]
        }
        , {
          "name":"kernel_aLoader.B5"
          , "id":14
          , "type":"bb"
        }
        , {
          "name":"kernel_aLoader.B6"
          , "id":15
          , "type":"bb"
        }
        , {
          "name":"kernel_aLoader.B7"
          , "id":16
          , "type":"bb"
          , "children":
          [
            {
              "name":"Cluster 3"
              , "id":118
              , "type":"cluster"
            }
          ]
        }
        , {
          "name":"kernel_aLoader.B8"
          , "id":17
          , "type":"bb"
        }
      ]
    }
    , {
      "name":"kernel_aFeeder"
      , "id":2
      , "type":"kernel"
      , "children":
      [
        {
          "name":"kernel_aFeeder.B0"
          , "id":18
          , "type":"bb"
        }
        , {
          "name":"kernel_aFeeder.B1"
          , "id":19
          , "type":"bb"
          , "children":
          [
            {
              "name":"Cluster 4"
              , "id":130
              , "type":"cluster"
            }
            , {
              "name":"Cluster 5"
              , "id":132
              , "type":"cluster"
            }
          ]
        }
      ]
    }
    , {
      "name":"kernel_bLoader"
      , "id":3
      , "type":"kernel"
      , "children":
      [
        {
          "name":"kernel_bLoader.B0"
          , "id":20
          , "type":"bb"
        }
        , {
          "name":"kernel_bLoader.B1"
          , "id":21
          , "type":"bb"
          , "children":
          [
            {
              "name":"Cluster 6"
              , "id":146
              , "type":"cluster"
            }
          ]
        }
        , {
          "name":"kernel_bLoader.B2"
          , "id":22
          , "type":"bb"
          , "children":
          [
            {
              "name":"Cluster 7"
              , "id":151
              , "type":"cluster"
            }
          ]
        }
        , {
          "name":"kernel_bLoader.B3"
          , "id":23
          , "type":"bb"
        }
        , {
          "name":"kernel_bLoader.B4"
          , "id":24
          , "type":"bb"
          , "children":
          [
            {
              "name":"Cluster 8"
              , "id":163
              , "type":"cluster"
            }
          ]
        }
        , {
          "name":"kernel_bLoader.B5"
          , "id":25
          , "type":"bb"
        }
        , {
          "name":"kernel_bLoader.B6"
          , "id":26
          , "type":"bb"
        }
        , {
          "name":"kernel_bLoader.B7"
          , "id":27
          , "type":"bb"
          , "children":
          [
            {
              "name":"Cluster 9"
              , "id":188
              , "type":"cluster"
            }
          ]
        }
        , {
          "name":"kernel_bLoader.B8"
          , "id":28
          , "type":"bb"
        }
      ]
    }
    , {
      "name":"kernel_bFeeder"
      , "id":4
      , "type":"kernel"
      , "children":
      [
        {
          "name":"kernel_bFeeder.B0"
          , "id":29
          , "type":"bb"
        }
        , {
          "name":"kernel_bFeeder.B1"
          , "id":30
          , "type":"bb"
          , "children":
          [
            {
              "name":"Cluster 10"
              , "id":199
              , "type":"cluster"
            }
            , {
              "name":"Cluster 11"
              , "id":201
              , "type":"cluster"
            }
          ]
        }
      ]
    }
    , {
      "name":"kernel_Product"
      , "id":5
      , "type":"kernel"
      , "children":
      [
        {
          "name":"kernel_Product.B0"
          , "id":31
          , "type":"bb"
        }
        , {
          "name":"kernel_Product.B1"
          , "id":32
          , "type":"bb"
          , "children":
          [
            {
              "name":"Cluster 12"
              , "id":215
              , "type":"cluster"
            }
          ]
        }
        , {
          "name":"kernel_Product.B2"
          , "id":33
          , "type":"bb"
          , "children":
          [
            {
              "name":"Cluster 13"
              , "id":222
              , "type":"cluster"
            }
          ]
        }
        , {
          "name":"kernel_Product.B3"
          , "id":34
          , "type":"bb"
        }
        , {
          "name":"kernel_Product.B4"
          , "id":35
          , "type":"bb"
          , "children":
          [
            {
              "name":"Cluster 14"
              , "id":238
              , "type":"cluster"
            }
          ]
        }
        , {
          "name":"kernel_Product.B5"
          , "id":36
          , "type":"bb"
        }
        , {
          "name":"kernel_Product.B6"
          , "id":37
          , "type":"bb"
          , "children":
          [
            {
              "name":"Cluster 15"
              , "id":268
              , "type":"cluster"
            }
            , {
              "name":"Cluster 16"
              , "id":271
              , "type":"cluster"
            }
          ]
        }
        , {
          "name":"kernel_Product.B7"
          , "id":38
          , "type":"bb"
        }
        , {
          "name":"kernel_Product.B8"
          , "id":39
          , "type":"bb"
        }
      ]
    }
    , {
      "name":"kernel_cLoader"
      , "id":6
      , "type":"kernel"
      , "children":
      [
        {
          "name":"kernel_cLoader.B0"
          , "id":40
          , "type":"bb"
          , "children":
          [
            {
              "name":"Cluster 17"
              , "id":278
              , "type":"cluster"
            }
          ]
        }
        , {
          "name":"kernel_cLoader.B1"
          , "id":41
          , "type":"bb"
          , "children":
          [
            {
              "name":"Cluster 18"
              , "id":280
              , "type":"cluster"
            }
          ]
        }
        , {
          "name":"kernel_cLoader.B2"
          , "id":42
          , "type":"bb"
          , "children":
          [
            {
              "name":"Cluster 19"
              , "id":284
              , "type":"cluster"
            }
          ]
        }
        , {
          "name":"kernel_cLoader.B3"
          , "id":43
          , "type":"bb"
        }
        , {
          "name":"kernel_cLoader.B4"
          , "id":44
          , "type":"bb"
        }
        , {
          "name":"kernel_cLoader.B5"
          , "id":45
          , "type":"bb"
          , "children":
          [
            {
              "name":"Cluster 20"
              , "id":294
              , "type":"cluster"
            }
          ]
        }
        , {
          "name":"kernel_cLoader.B6"
          , "id":46
          , "type":"bb"
        }
      ]
    }
    , {
      "name":"kernel_Out"
      , "id":7
      , "type":"kernel"
      , "children":
      [
        {
          "name":"kernel_Out.B0"
          , "id":47
          , "type":"bb"
          , "children":
          [
            {
              "name":"Cluster 21"
              , "id":299
              , "type":"cluster"
            }
          ]
        }
        , {
          "name":"kernel_Out.B1"
          , "id":48
          , "type":"bb"
          , "children":
          [
            {
              "name":"Cluster 22"
              , "id":301
              , "type":"cluster"
            }
          ]
        }
        , {
          "name":"kernel_Out.B2"
          , "id":49
          , "type":"bb"
          , "children":
          [
            {
              "name":"Cluster 23"
              , "id":304
              , "type":"cluster"
            }
          ]
        }
        , {
          "name":"kernel_Out.B3"
          , "id":50
          , "type":"bb"
        }
        , {
          "name":"kernel_Out.B4"
          , "id":51
          , "type":"bb"
        }
        , {
          "name":"kernel_Out.B5"
          , "id":52
          , "type":"bb"
          , "children":
          [
            {
              "name":"Cluster 24"
              , "id":312
              , "type":"cluster"
            }
            , {
              "name":"Cluster 25"
              , "id":315
              , "type":"cluster"
            }
          ]
        }
        , {
          "name":"kernel_Out.B6"
          , "id":53
          , "type":"bb"
        }
      ]
    }
    , {
      "name":"kernel_unloader"
      , "id":8
      , "type":"kernel"
      , "children":
      [
        {
          "name":"kernel_unloader.B0"
          , "id":54
          , "type":"bb"
        }
        , {
          "name":"kernel_unloader.B1"
          , "id":55
          , "type":"bb"
          , "children":
          [
            {
              "name":"Cluster 26"
              , "id":330
              , "type":"cluster"
            }
          ]
        }
        , {
          "name":"kernel_unloader.B2"
          , "id":56
          , "type":"bb"
          , "children":
          [
            {
              "name":"Cluster 27"
              , "id":334
              , "type":"cluster"
            }
          ]
        }
        , {
          "name":"kernel_unloader.B3"
          , "id":57
          , "type":"bb"
        }
        , {
          "name":"kernel_unloader.B4"
          , "id":58
          , "type":"bb"
        }
        , {
          "name":"kernel_unloader.B5"
          , "id":59
          , "type":"bb"
          , "children":
          [
            {
              "name":"Cluster 28"
              , "id":344
              , "type":"cluster"
            }
            , {
              "name":"Cluster 29"
              , "id":346
              , "type":"cluster"
            }
          ]
        }
        , {
          "name":"kernel_unloader.B6"
          , "id":60
          , "type":"bb"
        }
      ]
    }
  ]
  , "links":
  [
  ]
}
